,Season,Formation,Budget,Best total cost,Best total points,Individual costs,Sorted individual costs,Id
0,,,500,500,1107,"[43, 44, 46, 43, 44, 45, 46, 46, 48, 50, 45]","[43, 43, 44, 44, 45, 45, 46, 46, 46, 48, 50]","[575, 336, 70, 290, 439, 416, 42, 34, 32, 436, 29]"
1,,,550,549,1346,"[44, 46, 57, 44, 45, 49, 62, 49, 50, 52, 51]","[44, 44, 45, 46, 49, 49, 50, 51, 52, 57, 62]","[336, 70, 67, 439, 416, 202, 48, 278, 436, 33, 54]"
2,,,600,600,1516,"[46, 57, 63, 45, 49, 58, 62, 50, 52, 67, 51]","[45, 46, 49, 50, 51, 52, 57, 58, 62, 63, 67]","[70, 67, 500, 416, 202, 111, 48, 436, 33, 78, 54]"
3,,,650,650,1661,"[61, 63, 74, 45, 55, 58, 62, 50, 64, 67, 51]","[45, 50, 51, 55, 58, 61, 62, 63, 64, 67, 74]","[478, 500, 355, 416, 155, 111, 48, 436, 77, 78, 54]"
4,,,700,699,1783,"[57, 63, 74, 45, 58, 62, 89, 64, 67, 69, 51]","[45, 51, 57, 58, 62, 63, 64, 67, 69, 74, 89]","[67, 500, 355, 416, 111, 48, 394, 77, 78, 561, 54]"
5,,,750,745,1890,"[63, 74, 101, 45, 58, 62, 91, 64, 67, 69, 51]","[45, 51, 58, 62, 63, 64, 67, 69, 74, 91, 101]","[500, 355, 143, 416, 111, 48, 398, 77, 78, 561, 54]"
6,,,800,799,1990,"[63, 74, 101, 62, 68, 89, 91, 64, 67, 69, 51]","[51, 62, 63, 64, 67, 68, 69, 74, 89, 91, 101]","[500, 355, 143, 48, 90, 394, 398, 77, 78, 561, 54]"
7,,,850,848,2092,"[63, 74, 101, 62, 89, 91, 117, 64, 67, 69, 51]","[51, 62, 63, 64, 67, 69, 74, 89, 91, 101, 117]","[500, 355, 143, 48, 394, 398, 12, 77, 78, 561, 54]"
8,,,900,893,2150,"[63, 101, 119, 62, 89, 91, 117, 64, 67, 69, 51]","[51, 62, 63, 64, 67, 69, 89, 91, 101, 117, 119]","[500, 143, 403, 48, 394, 398, 12, 77, 78, 561, 54]"
9,,,950,947,2216,"[74, 101, 119, 89, 91, 105, 117, 64, 67, 69, 51]","[51, 64, 67, 69, 74, 89, 91, 101, 105, 117, 119]","[355, 143, 403, 394, 398, 82, 12, 77, 78, 561, 54]"
10,,,1000,977,2246,"[101, 104, 119, 89, 91, 105, 117, 64, 67, 69, 51]","[51, 64, 67, 69, 89, 91, 101, 104, 105, 117, 119]","[143, 97, 403, 394, 398, 82, 12, 77, 78, 561, 54]"
0,,"[3, 5, 2]",500,500,1145,"[44, 46, 43, 44, 45, 46, 49, 44, 46, 50, 43]","[43, 43, 44, 44, 44, 45, 46, 46, 46, 49, 50]","[336, 70, 290, 439, 416, 42, 202, 56, 34, 436, 574]"
1,,"[3, 5, 2]",550,550,1374,"[44, 46, 44, 45, 49, 58, 62, 49, 50, 52, 51]","[44, 44, 45, 46, 49, 49, 50, 51, 52, 58, 62]","[336, 70, 439, 416, 202, 111, 48, 278, 436, 33, 54]"
2,,"[3, 5, 2]",600,600,1542,"[57, 63, 45, 46, 49, 58, 62, 50, 52, 67, 51]","[45, 46, 49, 50, 51, 52, 57, 58, 62, 63, 67]","[67, 500, 416, 42, 202, 111, 48, 436, 33, 78, 54]"
3,,"[3, 5, 2]",650,650,1676,"[61, 63, 45, 55, 58, 62, 74, 50, 64, 67, 51]","[45, 50, 51, 55, 58, 61, 62, 63, 64, 67, 74]","[478, 500, 416, 155, 111, 48, 368, 436, 77, 78, 54]"
4,,"[3, 5, 2]",700,699,1804,"[63, 74, 45, 58, 62, 74, 91, 50, 64, 67, 51]","[45, 50, 51, 58, 62, 63, 64, 67, 74, 74, 91]","[500, 355, 416, 111, 48, 368, 398, 436, 77, 78, 54]"
5,,"[3, 5, 2]",750,749,1919,"[63, 74, 45, 62, 74, 89, 91, 64, 67, 69, 51]","[45, 51, 62, 63, 64, 67, 69, 74, 74, 89, 91]","[500, 355, 416, 48, 368, 394, 398, 77, 78, 561, 54]"
6,,"[3, 5, 2]",800,800,2012,"[74, 101, 58, 62, 74, 89, 91, 64, 67, 69, 51]","[51, 58, 62, 64, 67, 69, 74, 74, 89, 91, 101]","[355, 143, 111, 48, 368, 394, 398, 77, 78, 561, 54]"
7,,"[3, 5, 2]",850,848,2107,"[63, 101, 62, 74, 89, 91, 117, 64, 67, 69, 51]","[51, 62, 63, 64, 67, 69, 74, 89, 91, 101, 117]","[500, 143, 48, 368, 394, 398, 12, 77, 78, 561, 54]"
8,,"[3, 5, 2]",900,890,2170,"[74, 101, 62, 89, 91, 105, 117, 64, 67, 69, 51]","[51, 62, 64, 67, 69, 74, 89, 91, 101, 105, 117]","[355, 143, 48, 394, 398, 82, 12, 77, 78, 561, 54]"
9,,"[3, 5, 2]",950,947,2231,"[101, 119, 74, 89, 91, 105, 117, 64, 67, 69, 51]","[51, 64, 67, 69, 74, 89, 91, 101, 105, 117, 119]","[143, 403, 368, 394, 398, 82, 12, 77, 78, 561, 54]"
10,,"[3, 5, 2]",1000,978,2249,"[101, 119, 89, 91, 105, 105, 117, 64, 67, 69, 51]","[51, 64, 67, 69, 89, 91, 101, 105, 105, 117, 119]","[143, 403, 394, 398, 82, 235, 12, 77, 78, 561, 54]"
0,,,500,500,1105,"[43, 44, 46, 44, 45, 46, 44, 46, 49, 50, 43]","[43, 43, 44, 44, 44, 45, 46, 46, 46, 49, 50]","[575, 336, 70, 439, 416, 42, 56, 34, 278, 436, 574]"
1,,,550,550,1347,"[44, 46, 63, 44, 45, 62, 44, 49, 50, 52, 51]","[44, 44, 44, 45, 46, 49, 50, 51, 52, 62, 63]","[336, 70, 500, 439, 416, 48, 56, 278, 436, 33, 54]"
2,,,600,599,1520,"[44, 57, 63, 44, 45, 62, 50, 52, 64, 67, 51]","[44, 44, 45, 50, 51, 52, 57, 62, 63, 64, 67]","[336, 67, 500, 439, 416, 48, 436, 33, 77, 78, 54]"
3,,,650,649,1663,"[57, 61, 63, 45, 58, 62, 52, 64, 67, 69, 51]","[45, 51, 52, 57, 58, 61, 62, 63, 64, 67, 69]","[67, 478, 500, 416, 111, 48, 33, 77, 78, 561, 54]"
4,,,700,699,1784,"[61, 63, 74, 45, 62, 91, 52, 64, 67, 69, 51]","[45, 51, 52, 61, 62, 63, 64, 67, 69, 74, 91]","[478, 500, 355, 416, 48, 398, 33, 77, 78, 561, 54]"
5,,,750,750,1890,"[63, 74, 101, 58, 62, 91, 50, 64, 67, 69, 51]","[50, 51, 58, 62, 63, 64, 67, 69, 74, 91, 101]","[500, 355, 143, 111, 48, 398, 436, 77, 78, 561, 54]"
6,,,800,798,1972,"[61, 63, 101, 62, 91, 117, 52, 64, 67, 69, 51]","[51, 52, 61, 62, 63, 64, 67, 69, 91, 101, 117]","[478, 500, 143, 48, 398, 12, 33, 77, 78, 561, 54]"
7,,,850,848,2056,"[63, 74, 101, 89, 91, 117, 62, 64, 67, 69, 51]","[51, 62, 63, 64, 67, 69, 74, 89, 91, 101, 117]","[500, 355, 143, 394, 398, 12, 384, 77, 78, 561, 54]"
8,,,900,900,2127,"[74, 101, 119, 89, 91, 117, 58, 64, 67, 69, 51]","[51, 58, 64, 67, 69, 74, 89, 91, 101, 117, 119]","[355, 143, 403, 394, 398, 12, 125, 77, 78, 561, 54]"
9,,,950,950,2170,"[101, 104, 119, 91, 105, 117, 62, 64, 67, 69, 51]","[51, 62, 64, 67, 69, 91, 101, 104, 105, 117, 119]","[143, 97, 403, 398, 82, 12, 384, 77, 78, 561, 54]"
10,,,1000,950,2170,"[101, 104, 119, 91, 105, 117, 62, 64, 67, 69, 51]","[51, 62, 64, 67, 69, 91, 101, 104, 105, 117, 119]","[143, 97, 403, 398, 82, 12, 384, 77, 78, 561, 54]"
0,,,500,500,1148,"[44, 46, 43, 44, 45, 46, 44, 46, 49, 50, 43]","[43, 43, 44, 44, 44, 45, 46, 46, 46, 49, 50]","[336, 70, 290, 439, 416, 42, 56, 34, 278, 436, 574]"
1,,,550,550,1373,"[44, 63, 44, 45, 46, 62, 44, 49, 50, 52, 51]","[44, 44, 44, 45, 46, 49, 50, 51, 52, 62, 63]","[336, 500, 439, 416, 42, 48, 56, 278, 436, 33, 54]"
2,,,600,600,1548,"[44, 63, 44, 45, 58, 62, 50, 52, 64, 67, 51]","[44, 44, 45, 50, 51, 52, 58, 62, 63, 64, 67]","[336, 500, 439, 416, 111, 48, 436, 33, 77, 78, 54]"
3,,,650,649,1682,"[63, 74, 45, 46, 58, 62, 50, 64, 67, 69, 51]","[45, 46, 50, 51, 58, 62, 63, 64, 67, 69, 74]","[500, 355, 416, 42, 111, 48, 436, 77, 78, 561, 54]"
4,,,700,696,1803,"[63, 74, 45, 58, 62, 91, 52, 64, 67, 69, 51]","[45, 51, 52, 58, 62, 63, 64, 67, 69, 74, 91]","[500, 355, 416, 111, 48, 398, 33, 77, 78, 561, 54]"
5,,,750,750,1910,"[74, 101, 45, 62, 74, 91, 52, 64, 67, 69, 51]","[45, 51, 52, 62, 64, 67, 69, 74, 74, 91, 101]","[355, 143, 416, 48, 368, 398, 33, 77, 78, 561, 54]"
6,,,800,799,2005,"[63, 74, 62, 89, 91, 117, 52, 64, 67, 69, 51]","[51, 52, 62, 63, 64, 67, 69, 74, 89, 91, 117]","[500, 355, 48, 394, 398, 12, 33, 77, 78, 561, 54]"
7,,,850,847,2088,"[74, 101, 62, 89, 91, 117, 62, 64, 67, 69, 51]","[51, 62, 62, 64, 67, 69, 74, 89, 91, 101, 117]","[355, 143, 48, 394, 398, 12, 384, 77, 78, 561, 54]"
8,,,900,892,2146,"[101, 119, 62, 89, 91, 117, 62, 64, 67, 69, 51]","[51, 62, 62, 64, 67, 69, 89, 91, 101, 117, 119]","[143, 403, 48, 394, 398, 12, 384, 77, 78, 561, 54]"
9,,,950,935,2192,"[101, 119, 89, 91, 105, 117, 62, 64, 67, 69, 51]","[51, 62, 64, 67, 69, 89, 91, 101, 105, 117, 119]","[143, 403, 394, 398, 82, 12, 384, 77, 78, 561, 54]"
10,,,1000,935,2192,"[101, 119, 89, 91, 105, 117, 62, 64, 67, 69, 51]","[51, 62, 64, 67, 69, 89, 91, 101, 105, 117, 119]","[143, 403, 394, 398, 82, 12, 384, 77, 78, 561, 54]"
0,,,500,500,1167,"[44, 43, 44, 45, 46, 46, 44, 46, 49, 50, 43]","[43, 43, 44, 44, 44, 45, 46, 46, 46, 49, 50]","[336, 290, 439, 416, 42, 536, 56, 34, 278, 436, 574]"
1,,,550,550,1397,"[44, 44, 45, 49, 58, 62, 46, 49, 50, 52, 51]","[44, 44, 45, 46, 49, 49, 50, 51, 52, 58, 62]","[336, 439, 416, 202, 111, 48, 34, 278, 436, 33, 54]"
2,,,600,599,1563,"[63, 44, 45, 46, 58, 62, 49, 50, 64, 67, 51]","[44, 45, 46, 49, 50, 51, 58, 62, 63, 64, 67]","[500, 439, 416, 42, 111, 48, 278, 436, 77, 78, 54]"
3,,,650,650,1702,"[63, 45, 49, 58, 62, 89, 50, 52, 64, 67, 51]","[45, 49, 50, 51, 52, 58, 62, 63, 64, 67, 89]","[500, 416, 202, 111, 48, 394, 436, 33, 77, 78, 54]"
4,,,700,700,1821,"[63, 45, 49, 62, 89, 91, 50, 64, 67, 69, 51]","[45, 49, 50, 51, 62, 63, 64, 67, 69, 89, 91]","[500, 416, 202, 48, 394, 398, 436, 77, 78, 561, 54]"
5,,,750,749,1930,"[101, 45, 58, 62, 89, 91, 52, 64, 67, 69, 51]","[45, 51, 52, 58, 62, 64, 67, 69, 89, 91, 101]","[143, 416, 111, 48, 394, 398, 33, 77, 78, 561, 54]"
6,,,800,799,2020,"[63, 62, 74, 89, 91, 117, 52, 64, 67, 69, 51]","[51, 52, 62, 63, 64, 67, 69, 74, 89, 91, 117]","[500, 48, 368, 394, 398, 12, 33, 77, 78, 561, 54]"
7,,,850,847,2103,"[101, 62, 74, 89, 91, 117, 62, 64, 67, 69, 51]","[51, 62, 62, 64, 67, 69, 74, 89, 91, 101, 117]","[143, 48, 368, 394, 398, 12, 384, 77, 78, 561, 54]"
8,,,900,890,2149,"[101, 74, 89, 91, 105, 117, 62, 64, 67, 69, 51]","[51, 62, 64, 67, 69, 74, 89, 91, 101, 105, 117]","[143, 368, 394, 398, 82, 12, 384, 77, 78, 561, 54]"
9,,,950,939,2170,"[119, 89, 91, 105, 105, 117, 62, 64, 67, 69, 51]","[51, 62, 64, 67, 69, 89, 91, 105, 105, 117, 119]","[403, 394, 398, 82, 235, 12, 384, 77, 78, 561, 54]"
10,,,1000,939,2170,"[119, 89, 91, 105, 105, 117, 62, 64, 67, 69, 51]","[51, 62, 64, 67, 69, 89, 91, 105, 105, 117, 119]","[403, 394, 398, 82, 235, 12, 384, 77, 78, 561, 54]"
0,,,500,500,1144,"[44, 46, 43, 44, 45, 44, 46, 46, 49, 50, 43]","[43, 43, 44, 44, 44, 45, 46, 46, 46, 49, 50]","[336, 70, 290, 439, 416, 56, 34, 321, 278, 436, 574]"
1,,,550,550,1370,"[44, 63, 44, 45, 62, 44, 46, 49, 50, 52, 51]","[44, 44, 44, 45, 46, 49, 50, 51, 52, 62, 63]","[336, 500, 439, 416, 48, 56, 34, 278, 436, 33, 54]"
2,,,600,599,1542,"[57, 63, 45, 58, 62, 48, 49, 50, 52, 64, 51]","[45, 48, 49, 50, 51, 52, 57, 58, 62, 63, 64]","[67, 500, 416, 111, 48, 32, 278, 436, 33, 77, 54]"
3,,,650,649,1684,"[57, 74, 45, 58, 62, 50, 52, 64, 67, 69, 51]","[45, 50, 51, 52, 57, 58, 62, 64, 67, 69, 74]","[67, 355, 416, 111, 48, 436, 33, 77, 78, 561, 54]"
4,,,700,700,1796,"[63, 74, 45, 62, 91, 52, 62, 64, 67, 69, 51]","[45, 51, 52, 62, 62, 63, 64, 67, 69, 74, 91]","[500, 355, 416, 48, 398, 33, 384, 77, 78, 561, 54]"
5,,,750,750,1892,"[63, 101, 62, 74, 91, 52, 56, 64, 67, 69, 51]","[51, 52, 56, 62, 63, 64, 67, 69, 74, 91, 101]","[500, 143, 48, 368, 398, 33, 126, 77, 78, 561, 54]"
6,,,800,798,1993,"[74, 101, 62, 91, 117, 50, 52, 64, 67, 69, 51]","[50, 51, 52, 62, 64, 67, 69, 74, 91, 101, 117]","[355, 143, 48, 398, 12, 436, 33, 77, 78, 561, 54]"
7,,,850,849,2053,"[101, 119, 62, 91, 117, 52, 56, 64, 67, 69, 51]","[51, 52, 56, 62, 64, 67, 69, 91, 101, 117, 119]","[143, 403, 48, 398, 12, 33, 126, 77, 78, 561, 54]"
8,,,900,898,2108,"[101, 119, 91, 105, 117, 52, 62, 64, 67, 69, 51]","[51, 52, 62, 64, 67, 69, 91, 101, 105, 117, 119]","[143, 403, 398, 82, 12, 33, 384, 77, 78, 561, 54]"
9,,,950,904,2109,"[101, 119, 91, 105, 117, 58, 62, 64, 67, 69, 51]","[51, 58, 62, 64, 67, 69, 91, 101, 105, 117, 119]","[143, 403, 398, 82, 12, 125, 384, 77, 78, 561, 54]"
10,,,1000,904,2109,"[101, 119, 91, 105, 117, 58, 62, 64, 67, 69, 51]","[51, 58, 62, 64, 67, 69, 91, 101, 105, 117, 119]","[143, 403, 398, 82, 12, 125, 384, 77, 78, 561, 54]"
0,,,500,500,1170,"[44, 43, 44, 45, 46, 44, 46, 46, 49, 50, 43]","[43, 43, 44, 44, 44, 45, 46, 46, 46, 49, 50]","[336, 290, 439, 416, 42, 56, 34, 321, 278, 436, 574]"
1,,,550,550,1391,"[44, 43, 44, 45, 62, 46, 49, 50, 52, 64, 51]","[43, 44, 44, 45, 46, 49, 50, 51, 52, 62, 64]","[336, 290, 439, 416, 48, 34, 278, 436, 33, 77, 54]"
2,,,600,599,1565,"[57, 44, 45, 58, 62, 49, 50, 52, 64, 67, 51]","[44, 45, 49, 50, 51, 52, 57, 58, 62, 64, 67]","[67, 439, 416, 111, 48, 278, 436, 33, 77, 78, 54]"
3,,,650,649,1705,"[63, 45, 58, 62, 68, 50, 52, 64, 67, 69, 51]","[45, 50, 51, 52, 58, 62, 63, 64, 67, 68, 69]","[500, 416, 111, 48, 90, 436, 33, 77, 78, 561, 54]"
4,,,700,700,1824,"[63, 45, 62, 89, 91, 49, 50, 64, 67, 69, 51]","[45, 49, 50, 51, 62, 63, 64, 67, 69, 89, 91]","[500, 416, 48, 394, 398, 278, 436, 77, 78, 561, 54]"
5,,,750,749,1916,"[101, 45, 62, 89, 91, 52, 58, 64, 67, 69, 51]","[45, 51, 52, 58, 62, 64, 67, 69, 89, 91, 101]","[143, 416, 48, 394, 398, 33, 125, 77, 78, 561, 54]"
6,,,800,798,2008,"[101, 62, 74, 91, 117, 50, 52, 64, 67, 69, 51]","[50, 51, 52, 62, 64, 67, 69, 74, 91, 101, 117]","[143, 48, 368, 398, 12, 436, 33, 77, 78, 561, 54]"
7,,,850,847,2063,"[101, 62, 91, 105, 117, 58, 62, 64, 67, 69, 51]","[51, 58, 62, 62, 64, 67, 69, 91, 101, 105, 117]","[143, 48, 398, 82, 12, 125, 384, 77, 78, 561, 54]"
8,,,900,892,2106,"[119, 89, 91, 105, 117, 58, 62, 64, 67, 69, 51]","[51, 58, 62, 64, 67, 69, 89, 91, 105, 117, 119]","[403, 394, 398, 82, 12, 125, 384, 77, 78, 561, 54]"
9,,,950,892,2106,"[119, 89, 91, 105, 117, 58, 62, 64, 67, 69, 51]","[51, 58, 62, 64, 67, 69, 89, 91, 105, 117, 119]","[403, 394, 398, 82, 12, 125, 384, 77, 78, 561, 54]"
10,,,1000,892,2106,"[119, 89, 91, 105, 117, 58, 62, 64, 67, 69, 51]","[51, 58, 62, 64, 67, 69, 89, 91, 105, 117, 119]","[403, 394, 398, 82, 12, 125, 384, 77, 78, 561, 54]"
0,,,500,500,1089,"[46, 48, 49, 43, 43, 44, 45, 44, 45, 46, 47]","[43, 43, 44, 44, 45, 45, 46, 46, 47, 48, 49]","[548, 347, 159, 367, 41, 127, 90, 117, 171, 468, 350]"
1,,,550,549,1357,"[46, 54, 55, 44, 52, 52, 59, 45, 46, 49, 47]","[44, 45, 46, 46, 47, 49, 52, 52, 54, 55, 59]","[548, 437, 302, 127, 132, 414, 70, 171, 468, 443, 350]"
2,,,600,599,1509,"[46, 50, 55, 44, 52, 59, 106, 45, 46, 49, 47]","[44, 45, 46, 46, 47, 49, 50, 52, 55, 59, 106]","[548, 187, 302, 127, 132, 70, 234, 171, 468, 443, 350]"
3,,,650,650,1668,"[52, 54, 55, 52, 52, 59, 106, 46, 58, 69, 47]","[46, 47, 52, 52, 52, 54, 55, 58, 59, 69, 106]","[348, 437, 302, 132, 414, 70, 234, 468, 381, 97, 350]"
4,,,700,700,1787,"[54, 54, 55, 52, 59, 91, 106, 49, 64, 69, 47]","[47, 49, 52, 54, 54, 55, 59, 64, 69, 91, 106]","[437, 373, 302, 132, 70, 247, 234, 443, 245, 97, 350]"
5,,,750,750,1896,"[54, 55, 88, 52, 59, 91, 106, 58, 69, 71, 47]","[47, 52, 54, 55, 58, 59, 69, 71, 88, 91, 106]","[437, 302, 209, 132, 70, 247, 234, 381, 97, 100, 350]"
6,,,800,797,1981,"[55, 88, 95, 52, 59, 91, 106, 64, 69, 71, 47]","[47, 52, 55, 59, 64, 69, 71, 88, 91, 95, 106]","[302, 209, 235, 132, 70, 247, 234, 245, 97, 100, 350]"
7,,,850,844,2047,"[55, 88, 95, 59, 87, 91, 106, 64, 69, 71, 59]","[55, 59, 59, 64, 69, 71, 87, 88, 91, 95, 106]","[302, 209, 235, 70, 199, 247, 234, 245, 97, 100, 260]"
8,,,900,895,2103,"[88, 95, 131, 59, 87, 91, 106, 58, 64, 69, 47]","[47, 58, 59, 64, 69, 87, 88, 91, 95, 106, 131]","[209, 235, 394, 70, 199, 247, 234, 381, 245, 97, 350]"
9,,,950,946,2160,"[88, 95, 131, 87, 91, 97, 106, 64, 69, 71, 47]","[47, 64, 69, 71, 87, 88, 91, 95, 97, 106, 131]","[209, 235, 394, 199, 247, 387, 234, 245, 97, 100, 350]"
10,,,1000,974,2189,"[88, 95, 131, 91, 97, 103, 106, 64, 69, 71, 59]","[59, 64, 69, 71, 88, 91, 95, 97, 103, 106, 131]","[209, 235, 394, 247, 387, 252, 234, 245, 97, 100, 260]"
0,,"[3, 5, 2]",500,500,1131,"[46, 49, 43, 43, 44, 45, 52, 41, 44, 46, 47]","[41, 43, 43, 44, 44, 45, 46, 46, 47, 49, 52]","[548, 159, 367, 41, 127, 90, 132, 220, 117, 468, 350]"
1,,"[3, 5, 2]",550,549,1379,"[50, 55, 44, 50, 52, 52, 59, 45, 46, 49, 47]","[44, 45, 46, 47, 49, 50, 50, 52, 52, 55, 59]","[187, 302, 127, 250, 132, 414, 70, 171, 468, 443, 350]"
2,,"[3, 5, 2]",600,600,1543,"[46, 55, 44, 52, 52, 59, 106, 44, 46, 49, 47]","[44, 44, 46, 46, 47, 49, 52, 52, 55, 59, 106]","[548, 302, 127, 132, 414, 70, 234, 117, 468, 443, 350]"
3,,"[3, 5, 2]",650,650,1699,"[54, 55, 52, 52, 59, 61, 106, 46, 49, 69, 47]","[46, 47, 49, 52, 52, 54, 55, 59, 61, 69, 106]","[437, 302, 132, 414, 70, 342, 234, 468, 443, 97, 350]"
4,,"[3, 5, 2]",700,698,1817,"[54, 55, 52, 59, 61, 91, 106, 46, 58, 69, 47]","[46, 47, 52, 54, 55, 58, 59, 61, 69, 91, 106]","[437, 302, 132, 70, 342, 247, 234, 468, 381, 97, 350]"
5,,"[3, 5, 2]",750,750,1933,"[55, 88, 52, 59, 61, 91, 106, 58, 64, 69, 47]","[47, 52, 55, 58, 59, 61, 64, 69, 88, 91, 106]","[302, 209, 132, 70, 342, 247, 234, 381, 245, 97, 350]"
6,,"[3, 5, 2]",800,798,2006,"[55, 88, 59, 61, 87, 91, 106, 64, 69, 71, 47]","[47, 55, 59, 61, 64, 69, 71, 87, 88, 91, 106]","[302, 209, 70, 342, 199, 247, 234, 245, 97, 100, 350]"
7,,"[3, 5, 2]",850,850,2078,"[88, 95, 59, 61, 87, 91, 106, 64, 69, 71, 59]","[59, 59, 61, 64, 69, 71, 87, 88, 91, 95, 106]","[209, 235, 70, 342, 199, 247, 234, 245, 97, 100, 260]"
8,,"[3, 5, 2]",900,892,2132,"[88, 95, 59, 87, 91, 103, 106, 64, 69, 71, 59]","[59, 59, 64, 69, 71, 87, 88, 91, 95, 103, 106]","[209, 235, 70, 199, 247, 252, 234, 245, 97, 100, 260]"
9,,"[3, 5, 2]",950,948,2175,"[88, 131, 87, 91, 97, 103, 106, 58, 69, 71, 47]","[47, 58, 69, 71, 87, 88, 91, 97, 103, 106, 131]","[209, 394, 199, 247, 387, 252, 234, 381, 97, 100, 350]"
10,,"[3, 5, 2]",1000,966,2203,"[88, 131, 87, 91, 97, 103, 106, 64, 69, 71, 59]","[59, 64, 69, 71, 87, 88, 91, 97, 103, 106, 131]","[209, 394, 199, 247, 387, 252, 234, 245, 97, 100, 260]"
0,,,500,500,1106,"[46, 49, 50, 43, 44, 45, 41, 44, 45, 46, 47]","[41, 43, 44, 44, 45, 45, 46, 46, 47, 49, 50]","[548, 159, 187, 367, 127, 90, 220, 117, 171, 468, 350]"
1,,,550,550,1357,"[46, 50, 55, 52, 52, 59, 45, 46, 49, 49, 47]","[45, 46, 46, 47, 49, 49, 50, 52, 52, 55, 59]","[548, 187, 302, 132, 414, 70, 171, 468, 443, 290, 350]"
2,,,600,599,1507,"[46, 50, 55, 52, 59, 106, 44, 45, 46, 49, 47]","[44, 45, 46, 46, 47, 49, 50, 52, 55, 59, 106]","[548, 187, 302, 132, 70, 234, 117, 171, 468, 443, 350]"
3,,,650,649,1659,"[54, 54, 55, 52, 59, 106, 46, 49, 58, 69, 47]","[46, 47, 49, 52, 54, 54, 55, 58, 59, 69, 106]","[437, 373, 302, 132, 70, 234, 468, 443, 381, 97, 350]"
4,,,700,698,1772,"[54, 55, 88, 52, 59, 106, 46, 58, 64, 69, 47]","[46, 47, 52, 54, 55, 58, 59, 64, 69, 88, 106]","[437, 302, 209, 132, 70, 234, 468, 381, 245, 97, 350]"
5,,,750,750,1879,"[54, 55, 88, 59, 91, 106, 46, 64, 69, 71, 47]","[46, 47, 54, 55, 59, 64, 69, 71, 88, 91, 106]","[437, 302, 209, 70, 247, 234, 468, 245, 97, 100, 350]"
6,,,800,800,1962,"[55, 88, 95, 59, 91, 106, 58, 61, 69, 71, 47]","[47, 55, 58, 59, 61, 69, 71, 88, 91, 95, 106]","[302, 209, 235, 70, 247, 234, 381, 380, 97, 100, 350]"
7,,,850,843,2026,"[55, 88, 95, 87, 91, 106, 58, 64, 69, 71, 59]","[55, 58, 59, 64, 69, 71, 87, 88, 91, 95, 106]","[302, 209, 235, 199, 247, 234, 381, 245, 97, 100, 260]"
8,,,900,891,2088,"[88, 95, 131, 59, 91, 106, 58, 64, 69, 71, 59]","[58, 59, 59, 64, 69, 71, 88, 91, 95, 106, 131]","[209, 235, 394, 70, 247, 234, 381, 245, 97, 100, 260]"
9,,,950,946,2136,"[88, 95, 131, 91, 103, 106, 64, 69, 69, 71, 59]","[59, 64, 69, 69, 71, 88, 91, 95, 103, 106, 131]","[209, 235, 394, 247, 252, 234, 245, 97, 267, 100, 260]"
10,,,1000,946,2136,"[88, 95, 131, 91, 103, 106, 64, 69, 69, 71, 59]","[59, 64, 69, 69, 71, 88, 91, 95, 103, 106, 131]","[209, 235, 394, 247, 252, 234, 245, 97, 267, 100, 260]"
0,,,500,500,1138,"[46, 49, 43, 43, 44, 52, 41, 44, 45, 46, 47]","[41, 43, 43, 44, 44, 45, 46, 46, 47, 49, 52]","[548, 159, 367, 41, 127, 132, 220, 117, 171, 468, 350]"
1,,,550,550,1383,"[46, 55, 50, 52, 52, 59, 45, 46, 49, 49, 47]","[45, 46, 46, 47, 49, 49, 50, 52, 52, 55, 59]","[548, 302, 250, 132, 414, 70, 171, 468, 443, 290, 350]"
2,,,600,600,1538,"[46, 55, 52, 52, 59, 106, 44, 45, 46, 49, 46]","[44, 45, 46, 46, 46, 49, 52, 52, 55, 59, 106]","[548, 302, 132, 414, 70, 234, 117, 171, 468, 443, 54]"
3,,,650,649,1689,"[54, 55, 52, 52, 59, 106, 45, 46, 64, 69, 47]","[45, 46, 47, 52, 52, 54, 55, 59, 64, 69, 106]","[437, 302, 132, 414, 70, 234, 171, 468, 245, 97, 350]"
4,,,700,700,1811,"[54, 55, 52, 59, 91, 106, 45, 58, 64, 69, 47]","[45, 47, 52, 54, 55, 58, 59, 64, 69, 91, 106]","[437, 302, 132, 70, 247, 234, 171, 381, 245, 97, 350]"
5,,,750,750,1916,"[55, 88, 52, 59, 91, 106, 58, 61, 64, 69, 47]","[47, 52, 55, 58, 59, 61, 64, 69, 88, 91, 106]","[302, 209, 132, 70, 247, 234, 381, 380, 245, 97, 350]"
6,,,800,800,2000,"[88, 95, 52, 59, 91, 106, 58, 64, 69, 71, 47]","[47, 52, 58, 59, 64, 69, 71, 88, 91, 95, 106]","[209, 235, 132, 70, 247, 234, 381, 245, 97, 100, 350]"
7,,,850,847,2066,"[88, 95, 59, 87, 91, 106, 58, 64, 69, 71, 59]","[58, 59, 59, 64, 69, 71, 87, 88, 91, 95, 106]","[209, 235, 70, 199, 247, 234, 381, 245, 97, 100, 260]"
8,,,900,899,2116,"[88, 131, 59, 91, 103, 106, 58, 64, 69, 71, 59]","[58, 59, 59, 64, 69, 71, 88, 91, 103, 106, 131]","[209, 394, 70, 247, 252, 234, 381, 245, 97, 100, 260]"
9,,,950,948,2154,"[88, 131, 91, 97, 103, 106, 64, 69, 69, 71, 59]","[59, 64, 69, 69, 71, 88, 91, 97, 103, 106, 131]","[209, 394, 247, 387, 252, 234, 245, 97, 267, 100, 260]"
10,,,1000,948,2154,"[88, 131, 91, 97, 103, 106, 64, 69, 69, 71, 59]","[59, 64, 69, 69, 71, 88, 91, 97, 103, 106, 131]","[209, 394, 247, 387, 252, 234, 245, 97, 267, 100, 260]"
0,,,500,500,1169,"[46, 43, 43, 44, 45, 52, 44, 45, 45, 46, 47]","[43, 43, 44, 44, 45, 45, 45, 46, 46, 47, 52]","[548, 367, 41, 127, 90, 132, 117, 171, 55, 468, 350]"
1,,,550,548,1401,"[55, 44, 50, 52, 52, 59, 45, 46, 49, 49, 47]","[44, 45, 46, 47, 49, 49, 50, 52, 52, 55, 59]","[302, 127, 250, 132, 414, 70, 171, 468, 443, 290, 350]"
2,,,600,599,1567,"[55, 44, 52, 52, 59, 106, 44, 45, 46, 49, 47]","[44, 44, 45, 46, 47, 49, 52, 52, 55, 59, 106]","[302, 127, 132, 414, 70, 234, 117, 171, 468, 443, 350]"
3,,,650,650,1722,"[55, 52, 52, 59, 61, 106, 45, 46, 58, 69, 47]","[45, 46, 47, 52, 52, 55, 58, 59, 61, 69, 106]","[302, 132, 414, 70, 342, 234, 171, 468, 381, 97, 350]"
4,,,700,699,1845,"[55, 52, 52, 59, 91, 106, 46, 58, 64, 69, 47]","[46, 47, 52, 52, 55, 58, 59, 64, 69, 91, 106]","[302, 132, 414, 70, 247, 234, 468, 381, 245, 97, 350]"
5,,,750,748,1932,"[88, 52, 59, 61, 91, 106, 46, 58, 69, 71, 47]","[46, 47, 52, 58, 59, 61, 69, 71, 88, 91, 106]","[209, 132, 70, 342, 247, 234, 468, 381, 97, 100, 350]"
6,,,800,792,2014,"[88, 52, 59, 87, 91, 106, 58, 64, 69, 71, 47]","[47, 52, 58, 59, 64, 69, 71, 87, 88, 91, 106]","[209, 132, 70, 199, 247, 234, 381, 245, 97, 100, 350]"
7,,,850,849,2084,"[88, 59, 87, 91, 97, 106, 58, 64, 69, 71, 59]","[58, 59, 59, 64, 69, 71, 87, 88, 91, 97, 106]","[209, 70, 199, 247, 387, 234, 381, 245, 97, 100, 260]"
8,,,900,893,2129,"[88, 87, 91, 97, 103, 106, 58, 64, 69, 71, 59]","[58, 59, 64, 69, 71, 87, 88, 91, 97, 103, 106]","[209, 199, 247, 387, 252, 234, 381, 245, 97, 100, 260]"
9,,,950,947,2166,"[131, 87, 91, 97, 103, 106, 64, 69, 69, 71, 59]","[59, 64, 69, 69, 71, 87, 91, 97, 103, 106, 131]","[394, 199, 247, 387, 252, 234, 245, 97, 267, 100, 260]"
10,,,1000,947,2166,"[131, 87, 91, 97, 103, 106, 64, 69, 69, 71, 59]","[59, 64, 69, 69, 71, 87, 91, 97, 103, 106, 131]","[394, 199, 247, 387, 252, 234, 245, 97, 267, 100, 260]"
0,,,500,500,1139,"[46, 50, 43, 44, 52, 41, 42, 44, 45, 46, 47]","[41, 42, 43, 44, 44, 45, 46, 46, 47, 50, 52]","[548, 187, 367, 127, 132, 220, 444, 117, 171, 468, 350]"
1,,,550,550,1378,"[52, 55, 52, 52, 59, 44, 45, 46, 49, 49, 47]","[44, 45, 46, 47, 49, 49, 52, 52, 52, 55, 59]","[348, 302, 132, 414, 70, 117, 171, 468, 443, 290, 350]"
2,,,600,600,1532,"[46, 55, 52, 59, 106, 45, 46, 46, 49, 49, 47]","[45, 46, 46, 46, 47, 49, 49, 52, 55, 59, 106]","[548, 302, 132, 70, 234, 171, 468, 164, 443, 290, 350]"
3,,,650,650,1680,"[54, 55, 52, 59, 106, 46, 49, 49, 64, 69, 47]","[46, 47, 49, 49, 52, 54, 55, 59, 64, 69, 106]","[437, 302, 132, 70, 234, 468, 443, 290, 245, 97, 350]"
4,,,700,698,1792,"[54, 55, 59, 91, 106, 46, 49, 58, 64, 69, 47]","[46, 47, 49, 54, 55, 58, 59, 64, 69, 91, 106]","[437, 302, 70, 247, 234, 468, 443, 381, 245, 97, 350]"
5,,,750,750,1897,"[55, 88, 52, 91, 106, 49, 58, 64, 69, 71, 47]","[47, 49, 52, 55, 58, 64, 69, 71, 88, 91, 106]","[302, 209, 132, 247, 234, 443, 381, 245, 97, 100, 350]"
6,,,800,797,1974,"[88, 95, 59, 91, 106, 49, 58, 64, 69, 71, 47]","[47, 49, 58, 59, 64, 69, 71, 88, 91, 95, 106]","[209, 235, 70, 247, 234, 443, 381, 245, 97, 100, 350]"
7,,,850,849,2040,"[88, 95, 87, 91, 106, 58, 61, 64, 69, 71, 59]","[58, 59, 61, 64, 69, 71, 87, 88, 91, 95, 106]","[209, 235, 199, 247, 234, 381, 380, 245, 97, 100, 260]"
8,,,900,893,2084,"[88, 131, 87, 91, 106, 58, 64, 69, 69, 71, 59]","[58, 59, 64, 69, 69, 71, 87, 88, 91, 106, 131]","[209, 394, 199, 247, 234, 381, 245, 97, 267, 100, 260]"
9,,,950,909,2098,"[88, 131, 91, 103, 106, 58, 64, 69, 69, 71, 59]","[58, 59, 64, 69, 69, 71, 88, 91, 103, 106, 131]","[209, 394, 247, 252, 234, 381, 245, 97, 267, 100, 260]"
10,,,1000,909,2098,"[88, 131, 91, 103, 106, 58, 64, 69, 69, 71, 59]","[58, 59, 64, 69, 69, 71, 88, 91, 103, 106, 131]","[209, 394, 247, 252, 234, 381, 245, 97, 267, 100, 260]"
0,,,500,499,1170,"[46, 43, 44, 45, 52, 41, 44, 45, 46, 46, 47]","[41, 43, 44, 44, 45, 45, 46, 46, 46, 47, 52]","[548, 367, 127, 90, 132, 220, 117, 171, 468, 164, 350]"
1,,,550,550,1402,"[55, 50, 52, 52, 59, 45, 46, 46, 49, 49, 47]","[45, 46, 46, 47, 49, 49, 50, 52, 52, 55, 59]","[302, 250, 132, 414, 70, 171, 468, 164, 443, 290, 350]"
2,,,600,600,1563,"[55, 52, 52, 59, 106, 44, 45, 45, 46, 49, 47]","[44, 45, 45, 46, 47, 49, 52, 52, 55, 59, 106]","[302, 132, 414, 70, 234, 117, 171, 55, 468, 443, 350]"
3,,,650,650,1708,"[55, 52, 52, 59, 106, 46, 49, 57, 58, 69, 47]","[46, 47, 49, 52, 52, 55, 57, 58, 59, 69, 106]","[302, 132, 414, 70, 234, 468, 443, 10, 381, 97, 350]"
4,,,700,699,1829,"[55, 52, 59, 91, 106, 49, 49, 58, 64, 69, 47]","[47, 49, 49, 52, 55, 58, 59, 64, 69, 91, 106]","[302, 132, 70, 247, 234, 443, 290, 381, 245, 97, 350]"
5,,,750,750,1926,"[88, 52, 59, 91, 106, 45, 58, 64, 69, 71, 47]","[45, 47, 52, 58, 59, 64, 69, 71, 88, 91, 106]","[209, 132, 70, 247, 234, 171, 381, 245, 97, 100, 350]"
6,,,800,799,2002,"[88, 59, 87, 91, 106, 58, 59, 64, 69, 71, 47]","[47, 58, 59, 59, 64, 69, 71, 87, 88, 91, 106]","[209, 70, 199, 247, 234, 381, 7, 245, 97, 100, 350]"
7,,,850,845,2053,"[88, 87, 91, 103, 106, 58, 61, 64, 69, 71, 47]","[47, 58, 61, 64, 69, 71, 87, 88, 91, 103, 106]","[209, 199, 247, 252, 234, 381, 380, 245, 97, 100, 350]"
8,,,900,900,2102,"[131, 87, 91, 103, 106, 58, 61, 64, 69, 71, 59]","[58, 59, 61, 64, 69, 71, 87, 91, 103, 106, 131]","[394, 199, 247, 252, 234, 381, 380, 245, 97, 100, 260]"
9,,,950,918,2114,"[131, 91, 97, 103, 106, 58, 64, 69, 69, 71, 59]","[58, 59, 64, 69, 69, 71, 91, 97, 103, 106, 131]","[394, 247, 387, 252, 234, 381, 245, 97, 267, 100, 260]"
10,,,1000,918,2114,"[131, 91, 97, 103, 106, 58, 64, 69, 69, 71, 59]","[58, 59, 64, 69, 69, 71, 91, 97, 103, 106, 131]","[394, 247, 387, 252, 234, 381, 245, 97, 267, 100, 260]"
0,,,500,500,1066,"[45, 47, 56, 44, 44, 46, 46, 41, 42, 43, 46]","[41, 42, 43, 44, 44, 45, 46, 46, 46, 47, 56]","[524, 347, 85, 504, 340, 80, 459, 427, 409, 483, 88]"
1,,,550,550,1387,"[56, 59, 61, 44, 44, 46, 49, 41, 46, 58, 46]","[41, 44, 44, 46, 46, 46, 49, 56, 58, 59, 61]","[85, 493, 326, 504, 340, 80, 147, 427, 145, 245, 88]"
2,,,600,600,1622,"[56, 59, 69, 44, 46, 49, 49, 54, 58, 67, 49]","[44, 46, 49, 49, 49, 54, 56, 58, 59, 67, 69]","[85, 493, 437, 504, 80, 147, 126, 484, 245, 247, 154]"
3,,,650,650,1809,"[59, 69, 69, 44, 49, 55, 64, 58, 67, 67, 49]","[44, 49, 49, 55, 58, 59, 64, 67, 67, 69, 69]","[493, 437, 43, 504, 147, 343, 40, 245, 247, 246, 154]"
4,,,700,696,1930,"[59, 69, 69, 55, 64, 65, 74, 58, 67, 67, 49]","[49, 55, 58, 59, 64, 65, 67, 67, 69, 69, 74]","[493, 437, 43, 343, 40, 150, 172, 245, 247, 246, 154]"
5,,,750,744,2024,"[59, 69, 69, 64, 65, 74, 103, 58, 67, 67, 49]","[49, 58, 59, 64, 65, 67, 67, 69, 69, 74, 103]","[493, 437, 43, 40, 150, 172, 251, 245, 247, 246, 154]"
6,,,800,799,2111,"[59, 69, 69, 64, 74, 103, 110, 58, 67, 67, 59]","[58, 59, 59, 64, 67, 67, 69, 69, 74, 103, 110]","[493, 437, 43, 40, 172, 251, 122, 245, 247, 246, 468]"
7,,,850,847,2173,"[59, 69, 69, 64, 103, 110, 132, 58, 67, 67, 49]","[49, 58, 59, 64, 67, 67, 69, 69, 103, 110, 132]","[493, 437, 43, 40, 251, 122, 253, 245, 247, 246, 154]"
8,,,900,896,2230,"[69, 69, 108, 64, 103, 110, 132, 58, 67, 67, 49]","[49, 58, 64, 67, 67, 69, 69, 103, 108, 110, 132]","[437, 43, 23, 40, 251, 122, 253, 245, 247, 246, 154]"
9,,,950,949,2283,"[69, 69, 108, 103, 110, 117, 132, 58, 67, 67, 49]","[49, 58, 67, 67, 69, 69, 103, 108, 110, 117, 132]","[437, 43, 23, 251, 122, 270, 253, 245, 247, 246, 154]"
10,,,1000,1000,2316,"[69, 108, 120, 103, 110, 117, 132, 58, 67, 67, 49]","[49, 58, 67, 67, 69, 103, 108, 110, 117, 120, 132]","[437, 23, 280, 251, 122, 270, 253, 245, 247, 246, 154]"
0,,"[3, 5, 2]",500,500,1118,"[45, 47, 44, 44, 46, 49, 49, 41, 43, 46, 46]","[41, 43, 44, 44, 45, 46, 46, 46, 47, 49, 49]","[524, 347, 504, 340, 80, 147, 126, 427, 483, 145, 88]"
1,,"[3, 5, 2]",550,550,1426,"[56, 59, 44, 46, 49, 49, 50, 46, 47, 58, 46]","[44, 46, 46, 46, 47, 49, 49, 50, 56, 58, 59]","[85, 493, 504, 80, 147, 126, 42, 145, 423, 245, 88]"
2,,"[3, 5, 2]",600,600,1652,"[59, 69, 44, 46, 49, 50, 64, 48, 58, 67, 46]","[44, 46, 46, 48, 49, 50, 58, 59, 64, 67, 69]","[493, 437, 504, 80, 147, 42, 40, 162, 245, 247, 88]"
3,,"[3, 5, 2]",650,649,1817,"[59, 69, 49, 50, 55, 64, 65, 58, 67, 67, 46]","[46, 49, 50, 55, 58, 59, 64, 65, 67, 67, 69]","[493, 437, 147, 42, 343, 40, 150, 245, 247, 246, 88]"
4,,"[3, 5, 2]",700,698,1928,"[69, 69, 55, 64, 64, 65, 74, 58, 67, 67, 46]","[46, 55, 58, 64, 64, 65, 67, 67, 69, 69, 74]","[437, 43, 343, 40, 393, 150, 172, 245, 247, 246, 88]"
5,,"[3, 5, 2]",750,749,2029,"[69, 69, 64, 64, 65, 74, 103, 58, 67, 67, 49]","[49, 58, 64, 64, 65, 67, 67, 69, 69, 74, 103]","[437, 43, 40, 393, 150, 172, 251, 245, 247, 246, 154]"
6,,"[3, 5, 2]",800,795,2114,"[69, 69, 64, 65, 74, 103, 110, 58, 67, 67, 49]","[49, 58, 64, 65, 67, 67, 69, 69, 74, 103, 110]","[437, 43, 40, 150, 172, 251, 122, 245, 247, 246, 154]"
7,,"[3, 5, 2]",850,850,2184,"[69, 69, 64, 65, 103, 110, 132, 58, 67, 67, 46]","[46, 58, 64, 65, 67, 67, 69, 69, 103, 110, 132]","[437, 43, 40, 150, 251, 122, 253, 245, 247, 246, 88]"
8,,"[3, 5, 2]",900,895,2239,"[59, 69, 64, 103, 110, 117, 132, 58, 67, 67, 49]","[49, 58, 59, 64, 67, 67, 69, 103, 110, 117, 132]","[493, 437, 40, 251, 122, 270, 253, 245, 247, 246, 154]"
9,,"[3, 5, 2]",950,944,2296,"[69, 108, 64, 103, 110, 117, 132, 58, 67, 67, 49]","[49, 58, 64, 67, 67, 69, 103, 108, 110, 117, 132]","[437, 23, 40, 251, 122, 270, 253, 245, 247, 246, 154]"
10,,"[3, 5, 2]",1000,995,2316,"[108, 120, 64, 103, 110, 117, 132, 58, 67, 67, 49]","[49, 58, 64, 67, 67, 103, 108, 110, 117, 120, 132]","[23, 280, 40, 251, 122, 270, 253, 245, 247, 246, 154]"
0,,,500,500,1090,"[45, 47, 56, 44, 44, 46, 41, 42, 43, 46, 46]","[41, 42, 43, 44, 44, 45, 46, 46, 46, 47, 56]","[524, 347, 85, 504, 340, 80, 427, 409, 483, 145, 88]"
1,,,550,550,1403,"[47, 56, 59, 44, 46, 49, 43, 48, 54, 58, 46]","[43, 44, 46, 46, 47, 48, 49, 54, 56, 58, 59]","[347, 85, 493, 504, 80, 147, 483, 162, 484, 245, 88]"
2,,,600,600,1640,"[56, 59, 69, 44, 49, 50, 48, 54, 58, 67, 46]","[44, 46, 48, 49, 50, 54, 56, 58, 59, 67, 69]","[85, 493, 437, 504, 147, 42, 162, 484, 245, 247, 88]"
3,,,650,650,1832,"[59, 69, 69, 44, 50, 64, 54, 58, 67, 67, 49]","[44, 49, 50, 54, 58, 59, 64, 67, 67, 69, 69]","[493, 437, 43, 504, 42, 40, 484, 245, 247, 246, 154]"
4,,,700,699,1957,"[59, 69, 69, 64, 65, 74, 58, 58, 67, 67, 49]","[49, 58, 58, 59, 64, 65, 67, 67, 69, 69, 74]","[493, 437, 43, 40, 150, 172, 245, 116, 247, 246, 154]"
5,,,750,750,2043,"[59, 69, 69, 64, 74, 103, 58, 63, 67, 67, 57]","[57, 58, 59, 63, 64, 67, 67, 69, 69, 74, 103]","[493, 437, 43, 40, 172, 251, 245, 268, 247, 246, 260]"
6,,,800,800,2112,"[59, 69, 69, 64, 103, 132, 58, 63, 67, 67, 49]","[49, 58, 59, 63, 64, 67, 67, 69, 69, 103, 132]","[493, 437, 43, 40, 251, 253, 245, 268, 247, 246, 154]"
7,,,850,846,2169,"[59, 69, 69, 103, 110, 132, 58, 63, 67, 67, 49]","[49, 58, 59, 63, 67, 67, 69, 69, 103, 110, 132]","[493, 437, 43, 251, 122, 253, 245, 268, 247, 246, 154]"
8,,,900,900,2228,"[69, 69, 108, 103, 110, 132, 58, 58, 67, 67, 59]","[58, 58, 59, 67, 67, 69, 69, 103, 108, 110, 132]","[437, 43, 23, 251, 122, 253, 245, 116, 247, 246, 468]"
9,,,950,946,2259,"[69, 108, 120, 103, 110, 132, 58, 63, 67, 67, 49]","[49, 58, 63, 67, 67, 69, 103, 108, 110, 120, 132]","[437, 23, 280, 251, 122, 253, 245, 268, 247, 246, 154]"
10,,,1000,970,2277,"[69, 108, 120, 110, 117, 132, 58, 63, 67, 67, 59]","[58, 59, 63, 67, 67, 69, 108, 110, 117, 120, 132]","[437, 23, 280, 122, 270, 253, 245, 268, 247, 246, 468]"
0,,,500,500,1133,"[45, 47, 44, 44, 46, 50, 41, 43, 46, 48, 46]","[41, 43, 44, 44, 45, 46, 46, 46, 47, 48, 50]","[524, 347, 504, 340, 80, 42, 427, 483, 145, 162, 88]"
1,,,550,550,1444,"[56, 59, 44, 44, 46, 49, 46, 48, 54, 58, 46]","[44, 44, 46, 46, 46, 48, 49, 54, 56, 58, 59]","[85, 493, 504, 340, 80, 147, 145, 162, 484, 245, 88]"
2,,,600,600,1664,"[59, 69, 44, 46, 49, 50, 54, 58, 58, 67, 46]","[44, 46, 46, 49, 50, 54, 58, 58, 59, 67, 69]","[493, 437, 504, 80, 147, 42, 484, 245, 116, 247, 88]"
3,,,650,650,1842,"[59, 69, 46, 55, 64, 65, 54, 58, 67, 67, 46]","[46, 46, 54, 55, 58, 59, 64, 65, 67, 67, 69]","[493, 437, 80, 343, 40, 150, 484, 245, 247, 246, 88]"
4,,,700,700,1959,"[69, 69, 55, 64, 65, 74, 58, 63, 67, 67, 49]","[49, 55, 58, 63, 64, 65, 67, 67, 69, 69, 74]","[437, 43, 343, 40, 150, 172, 245, 268, 247, 246, 154]"
5,,,750,748,2053,"[69, 69, 64, 65, 74, 103, 58, 63, 67, 67, 49]","[49, 58, 63, 64, 65, 67, 67, 69, 69, 74, 103]","[437, 43, 40, 150, 172, 251, 245, 268, 247, 246, 154]"
6,,,800,798,2127,"[69, 69, 64, 74, 103, 110, 58, 58, 67, 67, 59]","[58, 58, 59, 64, 67, 67, 69, 69, 74, 103, 110]","[437, 43, 40, 172, 251, 122, 245, 116, 247, 246, 468]"
7,,,850,848,2195,"[69, 69, 64, 103, 110, 132, 58, 63, 67, 67, 46]","[46, 58, 63, 64, 67, 67, 69, 69, 103, 110, 132]","[437, 43, 40, 251, 122, 253, 245, 268, 247, 246, 88]"
8,,,900,900,2254,"[69, 108, 64, 103, 110, 132, 58, 63, 67, 67, 59]","[58, 59, 63, 64, 67, 67, 69, 103, 108, 110, 132]","[437, 23, 40, 251, 122, 253, 245, 268, 247, 246, 468]"
9,,,950,948,2294,"[69, 108, 103, 110, 117, 132, 58, 58, 67, 67, 59]","[58, 58, 59, 67, 67, 69, 103, 108, 110, 117, 132]","[437, 23, 251, 122, 270, 253, 245, 116, 247, 246, 468]"
10,,,1000,999,2314,"[108, 120, 103, 110, 117, 132, 58, 58, 67, 67, 59]","[58, 58, 59, 67, 67, 103, 108, 110, 117, 120, 132]","[23, 280, 251, 122, 270, 253, 245, 116, 247, 246, 468]"
0,,,500,500,1185,"[47, 44, 44, 46, 46, 49, 41, 43, 46, 48, 46]","[41, 43, 44, 44, 46, 46, 46, 46, 47, 48, 49]","[347, 504, 340, 80, 459, 147, 427, 483, 145, 162, 88]"
1,,,550,549,1471,"[59, 44, 46, 49, 49, 50, 46, 48, 54, 58, 46]","[44, 46, 46, 46, 48, 49, 49, 50, 54, 58, 59]","[493, 504, 80, 147, 126, 42, 145, 162, 484, 245, 88]"
2,,,600,600,1681,"[59, 44, 46, 46, 49, 64, 54, 58, 67, 67, 46]","[44, 46, 46, 46, 49, 54, 58, 59, 64, 67, 67]","[493, 504, 80, 459, 147, 40, 484, 245, 247, 246, 88]"
3,,,650,650,1839,"[69, 49, 55, 56, 64, 65, 54, 58, 67, 67, 46]","[46, 49, 54, 55, 56, 58, 64, 65, 67, 67, 69]","[437, 147, 343, 149, 40, 150, 484, 245, 247, 246, 88]"
4,,,700,700,1946,"[69, 55, 64, 64, 65, 74, 58, 58, 67, 67, 59]","[55, 58, 58, 59, 64, 64, 65, 67, 67, 69, 74]","[437, 343, 40, 393, 150, 172, 245, 116, 247, 246, 468]"
5,,,750,750,2045,"[69, 64, 64, 65, 74, 110, 58, 63, 67, 67, 49]","[49, 58, 63, 64, 64, 65, 67, 67, 69, 74, 110]","[437, 40, 393, 150, 172, 122, 245, 268, 247, 246, 154]"
6,,,800,799,2138,"[69, 64, 65, 74, 103, 110, 58, 63, 67, 67, 59]","[58, 59, 63, 64, 65, 67, 67, 69, 74, 103, 110]","[437, 40, 150, 172, 251, 122, 245, 268, 247, 246, 468]"
7,,,850,847,2200,"[69, 64, 65, 103, 110, 132, 58, 63, 67, 67, 49]","[49, 58, 63, 64, 65, 67, 67, 69, 103, 110, 132]","[437, 40, 150, 251, 122, 253, 245, 268, 247, 246, 154]"
8,,,900,899,2268,"[69, 64, 103, 110, 117, 132, 58, 63, 67, 67, 49]","[49, 58, 63, 64, 67, 67, 69, 103, 110, 117, 132]","[437, 40, 251, 122, 270, 253, 245, 268, 247, 246, 154]"
9,,,950,948,2307,"[108, 64, 103, 110, 117, 132, 58, 63, 67, 67, 59]","[58, 59, 63, 64, 67, 67, 103, 108, 110, 117, 132]","[23, 40, 251, 122, 270, 253, 245, 268, 247, 246, 468]"
10,,,1000,958,2308,"[108, 74, 103, 110, 117, 132, 58, 63, 67, 67, 59]","[58, 59, 63, 67, 67, 74, 103, 108, 110, 117, 132]","[23, 172, 251, 122, 270, 253, 245, 268, 247, 246, 468]"
0,,,500,500,1150,"[47, 59, 44, 44, 46, 41, 42, 42, 43, 46, 46]","[41, 42, 42, 43, 44, 44, 46, 46, 46, 47, 59]","[347, 493, 504, 340, 80, 427, 409, 192, 483, 145, 88]"
1,,,550,550,1459,"[56, 59, 44, 46, 50, 43, 46, 48, 54, 58, 46]","[43, 44, 46, 46, 46, 48, 50, 54, 56, 58, 59]","[85, 493, 504, 80, 42, 483, 145, 162, 484, 245, 88]"
2,,,600,600,1678,"[59, 69, 44, 46, 50, 46, 48, 58, 67, 67, 46]","[44, 46, 46, 46, 48, 50, 58, 59, 67, 67, 69]","[493, 437, 504, 80, 42, 145, 162, 245, 247, 246, 88]"
3,,,650,650,1859,"[59, 69, 50, 55, 64, 54, 58, 58, 67, 67, 49]","[49, 50, 54, 55, 58, 58, 59, 64, 67, 67, 69]","[493, 437, 42, 343, 40, 484, 245, 116, 247, 246, 154]"
4,,,700,699,1980,"[69, 69, 64, 65, 74, 54, 58, 63, 67, 67, 49]","[49, 54, 58, 63, 64, 65, 67, 67, 69, 69, 74]","[437, 43, 40, 150, 172, 484, 245, 268, 247, 246, 154]"
5,,,750,747,2060,"[69, 69, 64, 74, 103, 54, 58, 63, 67, 67, 59]","[54, 58, 59, 63, 64, 67, 67, 69, 69, 74, 103]","[437, 43, 40, 172, 251, 484, 245, 268, 247, 246, 468]"
6,,,800,799,2128,"[69, 69, 64, 103, 132, 58, 58, 63, 67, 67, 49]","[49, 58, 58, 63, 64, 67, 67, 69, 69, 103, 132]","[437, 43, 40, 251, 253, 245, 116, 268, 247, 246, 154]"
7,,,850,849,2187,"[69, 69, 103, 110, 132, 54, 58, 63, 67, 67, 57]","[54, 57, 58, 63, 67, 67, 69, 69, 103, 110, 132]","[437, 43, 251, 122, 253, 484, 245, 268, 247, 246, 260]"
8,,,900,894,2237,"[69, 108, 103, 110, 132, 58, 58, 63, 67, 67, 59]","[58, 58, 59, 63, 67, 67, 69, 103, 108, 110, 132]","[437, 23, 251, 122, 253, 245, 116, 268, 247, 246, 468]"
9,,,950,945,2257,"[108, 120, 103, 110, 132, 58, 58, 63, 67, 67, 59]","[58, 58, 59, 63, 67, 67, 103, 108, 110, 120, 132]","[23, 280, 251, 122, 253, 245, 116, 268, 247, 246, 468]"
10,,,1000,959,2260,"[108, 120, 110, 117, 132, 58, 58, 63, 67, 67, 59]","[58, 58, 59, 63, 67, 67, 108, 110, 117, 120, 132]","[23, 280, 122, 270, 253, 245, 116, 268, 247, 246, 468]"
0,,,500,500,1195,"[47, 44, 44, 46, 49, 41, 43, 46, 47, 47, 46]","[41, 43, 44, 44, 46, 46, 46, 47, 47, 47, 49]","[347, 504, 340, 80, 147, 427, 483, 145, 423, 49, 88]"
1,,,550,550,1484,"[59, 44, 46, 49, 50, 43, 48, 53, 54, 58, 46]","[43, 44, 46, 46, 48, 49, 50, 53, 54, 58, 59]","[493, 504, 80, 147, 42, 483, 162, 221, 484, 245, 88]"
2,,,600,600,1705,"[59, 44, 46, 49, 64, 46, 54, 58, 67, 67, 46]","[44, 46, 46, 46, 49, 54, 58, 59, 64, 67, 67]","[493, 504, 80, 147, 40, 145, 484, 245, 247, 246, 88]"
3,,,650,650,1861,"[69, 49, 50, 64, 65, 54, 58, 58, 67, 67, 49]","[49, 49, 50, 54, 58, 58, 64, 65, 67, 67, 69]","[437, 147, 42, 40, 150, 484, 245, 116, 247, 246, 154]"
4,,,700,698,1971,"[69, 64, 64, 65, 74, 58, 58, 63, 67, 67, 49]","[49, 58, 58, 63, 64, 64, 65, 67, 67, 69, 74]","[437, 40, 393, 150, 172, 245, 116, 268, 247, 246, 154]"
5,,,750,750,2065,"[69, 64, 65, 74, 110, 54, 58, 63, 67, 67, 59]","[54, 58, 59, 63, 64, 65, 67, 67, 69, 74, 110]","[437, 40, 150, 172, 122, 484, 245, 268, 247, 246, 468]"
6,,,800,792,2136,"[69, 64, 74, 103, 110, 58, 58, 63, 67, 67, 59]","[58, 58, 59, 63, 64, 67, 67, 69, 74, 103, 110]","[437, 40, 172, 251, 122, 245, 116, 268, 247, 246, 468]"
7,,,850,850,2213,"[69, 64, 103, 110, 132, 58, 58, 63, 67, 67, 59]","[58, 58, 59, 63, 64, 67, 67, 69, 103, 110, 132]","[437, 40, 251, 122, 253, 245, 116, 268, 247, 246, 468]"
8,,,900,899,2260,"[69, 103, 110, 117, 132, 54, 58, 63, 67, 67, 59]","[54, 58, 59, 63, 67, 67, 69, 103, 110, 117, 132]","[437, 251, 122, 270, 253, 484, 245, 268, 247, 246, 468]"
9,,,950,942,2290,"[108, 103, 110, 117, 132, 58, 58, 63, 67, 67, 59]","[58, 58, 59, 63, 67, 67, 103, 108, 110, 117, 132]","[23, 251, 122, 270, 253, 245, 116, 268, 247, 246, 468]"
10,,,1000,942,2290,"[108, 103, 110, 117, 132, 58, 58, 63, 67, 67, 59]","[58, 58, 59, 63, 67, 67, 103, 108, 110, 117, 132]","[23, 251, 122, 270, 253, 245, 116, 268, 247, 246, 468]"
0,,,500,500,1214,"[42, 43, 51, 43, 44, 45, 47, 46, 47, 48, 44]","[42, 43, 43, 44, 44, 45, 46, 47, 47, 48, 51]","[534, 70, 468, 470, 420, 287, 395, 297, 295, 42, 494]"
1,,,550,549,1428,"[48, 51, 76, 43, 44, 45, 47, 46, 47, 50, 52]","[43, 44, 45, 46, 47, 47, 48, 50, 51, 52, 76]","[234, 468, 313, 470, 420, 287, 395, 297, 295, 294, 93]"
2,,,600,600,1579,"[51, 57, 76, 44, 45, 58, 59, 46, 47, 65, 52]","[44, 45, 46, 47, 51, 52, 57, 58, 59, 65, 76]","[468, 502, 313, 420, 287, 172, 29, 297, 295, 183, 93]"
3,,,650,650,1713,"[51, 76, 80, 45, 56, 58, 59, 46, 50, 77, 52]","[45, 46, 50, 51, 52, 56, 58, 59, 76, 77, 80]","[468, 313, 409, 287, 417, 172, 29, 297, 294, 182, 93]"
4,,,700,700,1834,"[51, 76, 80, 45, 58, 59, 106, 46, 50, 77, 52]","[45, 46, 50, 51, 52, 58, 59, 76, 77, 80, 106]","[468, 313, 409, 287, 172, 29, 215, 297, 294, 182, 93]"
5,,,750,749,1942,"[51, 76, 80, 52, 59, 85, 106, 46, 65, 77, 52]","[46, 51, 52, 52, 59, 65, 76, 77, 80, 85, 106]","[468, 313, 409, 198, 29, 239, 215, 297, 183, 182, 93]"
6,,,800,799,2034,"[76, 80, 97, 56, 59, 85, 106, 46, 65, 77, 52]","[46, 52, 56, 59, 65, 76, 77, 80, 85, 97, 106]","[313, 409, 166, 417, 29, 239, 215, 297, 183, 182, 93]"
7,,,850,840,2109,"[76, 80, 97, 59, 73, 85, 106, 65, 70, 77, 52]","[52, 59, 65, 70, 73, 76, 77, 80, 85, 97, 106]","[313, 409, 166, 29, 113, 239, 215, 183, 181, 182, 93]"
8,,,900,892,2174,"[76, 80, 97, 59, 85, 106, 125, 65, 70, 77, 52]","[52, 59, 65, 70, 76, 77, 80, 85, 97, 106, 125]","[313, 409, 166, 29, 239, 215, 191, 183, 181, 182, 93]"
9,,,950,949,2232,"[76, 80, 97, 85, 106, 121, 125, 65, 65, 77, 52]","[52, 65, 65, 76, 77, 80, 85, 97, 106, 121, 125]","[313, 409, 166, 239, 215, 192, 191, 183, 401, 182, 93]"
10,,,1000,983,2257,"[76, 97, 109, 85, 106, 121, 125, 65, 70, 77, 52]","[52, 65, 70, 76, 77, 85, 97, 106, 109, 121, 125]","[313, 166, 11, 239, 215, 192, 191, 183, 181, 182, 93]"
0,,"[3, 5, 2]",500,500,1221,"[43, 51, 43, 44, 44, 45, 47, 46, 46, 47, 44]","[43, 43, 44, 44, 44, 45, 46, 46, 47, 47, 51]","[70, 468, 470, 420, 271, 287, 395, 297, 423, 295, 494]"
1,,"[3, 5, 2]",550,550,1433,"[51, 57, 44, 45, 47, 52, 59, 46, 47, 50, 52]","[44, 45, 46, 47, 47, 50, 51, 52, 52, 57, 59]","[468, 502, 420, 287, 395, 198, 29, 297, 295, 294, 93]"
2,,"[3, 5, 2]",600,600,1582,"[51, 76, 44, 45, 47, 56, 59, 46, 47, 77, 52]","[44, 45, 46, 47, 47, 51, 52, 56, 59, 76, 77]","[468, 313, 420, 287, 395, 417, 29, 297, 295, 182, 93]"
3,,"[3, 5, 2]",650,650,1705,"[51, 76, 44, 45, 56, 59, 106, 46, 50, 65, 52]","[44, 45, 46, 50, 51, 52, 56, 59, 65, 76, 106]","[468, 313, 420, 287, 417, 29, 215, 297, 294, 183, 93]"
4,,"[3, 5, 2]",700,700,1828,"[51, 76, 45, 56, 59, 85, 106, 46, 47, 77, 52]","[45, 46, 47, 51, 52, 56, 59, 76, 77, 85, 106]","[468, 313, 287, 417, 29, 239, 215, 297, 295, 182, 93]"
5,,"[3, 5, 2]",750,749,1938,"[76, 80, 45, 58, 59, 85, 106, 46, 65, 77, 52]","[45, 46, 52, 58, 59, 65, 76, 77, 80, 85, 106]","[313, 409, 287, 172, 29, 239, 215, 297, 183, 182, 93]"
6,,"[3, 5, 2]",800,799,2029,"[76, 80, 56, 59, 73, 85, 106, 65, 70, 77, 52]","[52, 56, 59, 65, 70, 73, 76, 77, 80, 85, 106]","[313, 409, 417, 29, 113, 239, 215, 183, 181, 182, 93]"
7,,"[3, 5, 2]",850,849,2098,"[76, 80, 59, 73, 85, 106, 125, 46, 70, 77, 52]","[46, 52, 59, 70, 73, 76, 77, 80, 85, 106, 125]","[313, 409, 29, 113, 239, 215, 191, 297, 181, 182, 93]"
8,,"[3, 5, 2]",900,895,2158,"[76, 80, 73, 85, 86, 106, 125, 65, 70, 77, 52]","[52, 65, 70, 73, 76, 77, 80, 85, 86, 106, 125]","[313, 409, 113, 239, 217, 215, 191, 183, 181, 182, 93]"
9,,"[3, 5, 2]",950,947,2220,"[76, 97, 73, 85, 106, 121, 125, 65, 70, 77, 52]","[52, 65, 70, 73, 76, 77, 85, 97, 106, 121, 125]","[313, 166, 113, 239, 215, 192, 191, 183, 181, 182, 93]"
10,,"[3, 5, 2]",1000,994,2256,"[76, 97, 85, 106, 120, 121, 125, 65, 70, 77, 52]","[52, 65, 70, 76, 77, 85, 97, 106, 120, 121, 125]","[313, 166, 239, 215, 214, 192, 191, 183, 181, 182, 93]"
0,,,500,500,1234,"[42, 43, 51, 43, 44, 45, 45, 46, 47, 50, 44]","[42, 43, 43, 44, 44, 45, 45, 46, 47, 50, 51]","[534, 70, 468, 470, 420, 287, 293, 297, 295, 294, 494]"
1,,,550,550,1451,"[48, 51, 76, 43, 44, 45, 46, 47, 48, 50, 52]","[43, 44, 45, 46, 47, 48, 48, 50, 51, 52, 76]","[234, 468, 313, 470, 420, 287, 297, 295, 42, 294, 93]"
2,,,600,600,1604,"[51, 57, 76, 45, 52, 59, 46, 47, 50, 65, 52]","[45, 46, 47, 50, 51, 52, 52, 57, 59, 65, 76]","[468, 502, 313, 287, 198, 29, 297, 295, 294, 183, 93]"
3,,,650,650,1735,"[51, 76, 80, 45, 52, 59, 46, 47, 65, 77, 52]","[45, 46, 47, 51, 52, 52, 59, 65, 76, 77, 80]","[468, 313, 409, 287, 198, 29, 297, 295, 183, 182, 93]"
4,,,700,700,1853,"[51, 76, 80, 56, 59, 106, 46, 47, 50, 77, 52]","[46, 47, 50, 51, 52, 56, 59, 76, 77, 80, 106]","[468, 313, 409, 417, 29, 215, 297, 295, 294, 182, 93]"
5,,,750,747,1968,"[51, 76, 80, 59, 85, 106, 46, 50, 65, 77, 52]","[46, 50, 51, 52, 59, 65, 76, 77, 80, 85, 106]","[468, 313, 409, 29, 239, 215, 297, 294, 183, 182, 93]"
6,,,800,800,2049,"[51, 76, 80, 73, 85, 106, 65, 65, 70, 77, 52]","[51, 52, 65, 65, 70, 73, 76, 77, 80, 85, 106]","[468, 313, 409, 113, 239, 215, 183, 401, 181, 182, 93]"
7,,,850,846,2127,"[76, 80, 97, 73, 85, 106, 65, 65, 70, 77, 52]","[52, 65, 65, 70, 73, 76, 77, 80, 85, 97, 106]","[313, 409, 166, 113, 239, 215, 183, 401, 181, 182, 93]"
8,,,900,898,2192,"[76, 80, 97, 85, 106, 125, 65, 65, 70, 77, 52]","[52, 65, 65, 70, 76, 77, 80, 85, 97, 106, 125]","[313, 409, 166, 239, 215, 191, 183, 401, 181, 182, 93]"
9,,,950,934,2213,"[76, 80, 97, 106, 121, 125, 65, 65, 70, 77, 52]","[52, 65, 65, 70, 76, 77, 80, 97, 106, 121, 125]","[313, 409, 166, 215, 192, 191, 183, 401, 181, 182, 93]"
10,,,1000,963,2224,"[76, 97, 109, 106, 121, 125, 65, 65, 70, 77, 52]","[52, 65, 65, 70, 76, 77, 97, 106, 109, 121, 125]","[313, 166, 11, 215, 192, 191, 183, 401, 181, 182, 93]"
0,,,500,500,1238,"[43, 51, 43, 44, 45, 47, 44, 46, 46, 47, 44]","[43, 43, 44, 44, 44, 45, 46, 46, 47, 47, 51]","[70, 468, 470, 420, 287, 395, 445, 297, 423, 295, 494]"
1,,,550,550,1459,"[51, 57, 44, 45, 47, 59, 46, 47, 50, 52, 52]","[44, 45, 46, 47, 47, 50, 51, 52, 52, 57, 59]","[468, 502, 420, 287, 395, 29, 297, 295, 294, 291, 93]"
2,,,600,599,1605,"[51, 76, 44, 45, 52, 59, 46, 47, 50, 77, 52]","[44, 45, 46, 47, 50, 51, 52, 52, 59, 76, 77]","[468, 313, 420, 287, 198, 29, 297, 295, 294, 182, 93]"
3,,,650,650,1734,"[51, 76, 44, 45, 59, 85, 46, 50, 65, 77, 52]","[44, 45, 46, 50, 51, 52, 59, 65, 76, 77, 85]","[468, 313, 420, 287, 29, 239, 297, 294, 183, 182, 93]"
4,,,700,700,1853,"[51, 76, 45, 59, 73, 106, 46, 50, 65, 77, 52]","[45, 46, 50, 51, 52, 59, 65, 73, 76, 77, 106]","[468, 313, 287, 29, 113, 215, 297, 294, 183, 182, 93]"
5,,,750,749,1957,"[76, 80, 56, 59, 85, 106, 46, 47, 65, 77, 52]","[46, 47, 52, 56, 59, 65, 76, 77, 80, 85, 106]","[313, 409, 417, 29, 239, 215, 297, 295, 183, 182, 93]"
6,,,800,789,2043,"[76, 80, 59, 73, 85, 106, 46, 65, 70, 77, 52]","[46, 52, 59, 65, 70, 73, 76, 77, 80, 85, 106]","[313, 409, 29, 113, 239, 215, 297, 183, 181, 182, 93]"
7,,,850,850,2113,"[76, 80, 73, 85, 106, 125, 46, 65, 65, 77, 52]","[46, 52, 65, 65, 73, 76, 77, 80, 85, 106, 125]","[313, 409, 113, 239, 215, 191, 297, 183, 401, 182, 93]"
8,,,900,898,2166,"[76, 80, 85, 106, 121, 125, 46, 65, 65, 77, 52]","[46, 52, 65, 65, 76, 77, 80, 85, 106, 121, 125]","[313, 409, 239, 215, 192, 191, 297, 183, 401, 182, 93]"
9,,,950,939,2219,"[76, 97, 85, 106, 121, 125, 65, 65, 70, 77, 52]","[52, 65, 65, 70, 76, 77, 85, 97, 106, 121, 125]","[313, 166, 239, 215, 192, 191, 183, 401, 181, 182, 93]"
10,,,1000,972,2226,"[97, 109, 85, 106, 121, 125, 65, 65, 70, 77, 52]","[52, 65, 65, 70, 77, 85, 97, 106, 109, 121, 125]","[166, 11, 239, 215, 192, 191, 183, 401, 181, 182, 93]"
0,,,500,500,1245,"[43, 43, 44, 45, 47, 47, 46, 46, 47, 48, 44]","[43, 43, 44, 44, 45, 46, 46, 47, 47, 47, 48]","[70, 470, 420, 287, 395, 301, 297, 423, 295, 42, 494]"
1,,,550,549,1458,"[51, 44, 45, 47, 56, 59, 46, 47, 50, 52, 52]","[44, 45, 46, 47, 47, 50, 51, 52, 52, 56, 59]","[468, 420, 287, 395, 417, 29, 297, 295, 294, 291, 93]"
2,,,600,599,1592,"[76, 44, 45, 47, 56, 59, 46, 47, 50, 77, 52]","[44, 45, 46, 47, 47, 50, 52, 56, 59, 76, 77]","[313, 420, 287, 395, 417, 29, 297, 295, 294, 182, 93]"
3,,,650,649,1713,"[76, 44, 45, 47, 59, 106, 46, 47, 50, 77, 52]","[44, 45, 46, 47, 47, 50, 52, 59, 76, 77, 106]","[313, 420, 287, 395, 29, 215, 297, 295, 294, 182, 93]"
4,,,700,699,1838,"[76, 45, 56, 59, 85, 106, 46, 47, 50, 77, 52]","[45, 46, 47, 50, 52, 56, 59, 76, 77, 85, 106]","[313, 287, 417, 29, 239, 215, 297, 295, 294, 182, 93]"
5,,,750,749,1947,"[76, 59, 60, 73, 85, 106, 46, 50, 65, 77, 52]","[46, 50, 52, 59, 60, 65, 73, 76, 77, 85, 106]","[313, 29, 463, 113, 239, 215, 297, 294, 183, 182, 93]"
6,,,800,795,2024,"[76, 59, 73, 85, 86, 106, 46, 65, 70, 77, 52]","[46, 52, 59, 65, 70, 73, 76, 77, 85, 86, 106]","[313, 29, 113, 239, 217, 215, 297, 183, 181, 182, 93]"
7,,,850,849,2093,"[76, 59, 73, 85, 106, 121, 65, 65, 70, 77, 52]","[52, 59, 65, 65, 70, 73, 76, 77, 85, 106, 121]","[313, 29, 113, 239, 215, 192, 183, 401, 181, 182, 93]"
8,,,900,896,2154,"[76, 73, 85, 106, 121, 125, 46, 65, 70, 77, 52]","[46, 52, 65, 70, 73, 76, 77, 85, 106, 121, 125]","[313, 113, 239, 215, 192, 191, 297, 183, 181, 182, 93]"
9,,,950,949,2196,"[97, 85, 86, 106, 121, 125, 65, 65, 70, 77, 52]","[52, 65, 65, 70, 77, 85, 86, 97, 106, 121, 125]","[166, 239, 217, 215, 192, 191, 183, 401, 181, 182, 93]"
10,,,1000,983,2225,"[97, 85, 106, 120, 121, 125, 65, 65, 70, 77, 52]","[52, 65, 65, 70, 77, 85, 97, 106, 120, 121, 125]","[166, 239, 215, 214, 192, 191, 183, 401, 181, 182, 93]"
0,,,500,500,1262,"[43, 51, 43, 44, 45, 41, 46, 46, 47, 50, 44]","[41, 43, 43, 44, 44, 45, 46, 46, 47, 50, 51]","[70, 468, 470, 420, 287, 358, 297, 423, 295, 294, 494]"
1,,,550,549,1477,"[51, 57, 44, 45, 59, 46, 46, 47, 50, 52, 52]","[44, 45, 46, 46, 47, 50, 51, 52, 52, 57, 59]","[468, 502, 420, 287, 29, 297, 423, 295, 294, 291, 93]"
2,,,600,599,1631,"[51, 76, 44, 45, 59, 46, 47, 50, 52, 77, 52]","[44, 45, 46, 47, 50, 51, 52, 52, 59, 76, 77]","[468, 313, 420, 287, 29, 297, 295, 294, 291, 182, 93]"
3,,,650,649,1750,"[51, 76, 45, 59, 106, 46, 47, 50, 52, 65, 52]","[45, 46, 47, 50, 51, 52, 52, 59, 65, 76, 106]","[468, 313, 287, 29, 215, 297, 295, 294, 291, 183, 93]"
4,,,700,700,1869,"[51, 76, 45, 85, 106, 46, 47, 50, 65, 77, 52]","[45, 46, 47, 50, 51, 52, 65, 76, 77, 85, 106]","[468, 313, 287, 239, 215, 297, 295, 294, 183, 182, 93]"
5,,,750,748,1978,"[76, 80, 59, 85, 106, 46, 50, 52, 65, 77, 52]","[46, 50, 52, 52, 59, 65, 76, 77, 80, 85, 106]","[313, 409, 29, 239, 215, 297, 294, 291, 183, 182, 93]"
6,,,800,795,2061,"[76, 80, 73, 85, 106, 46, 65, 65, 70, 77, 52]","[46, 52, 65, 65, 70, 73, 76, 77, 80, 85, 106]","[313, 409, 113, 239, 215, 297, 183, 401, 181, 182, 93]"
7,,,850,847,2126,"[76, 80, 85, 106, 125, 46, 65, 65, 70, 77, 52]","[46, 52, 65, 65, 70, 76, 77, 80, 85, 106, 125]","[313, 409, 239, 215, 191, 297, 183, 401, 181, 182, 93]"
8,,,900,900,2163,"[76, 97, 106, 121, 125, 46, 65, 65, 70, 77, 52]","[46, 52, 65, 65, 70, 76, 77, 97, 106, 121, 125]","[313, 166, 215, 192, 191, 297, 183, 401, 181, 182, 93]"
9,,,950,933,2170,"[97, 109, 106, 121, 125, 46, 65, 65, 70, 77, 52]","[46, 52, 65, 65, 70, 77, 97, 106, 109, 121, 125]","[166, 11, 215, 192, 191, 297, 183, 401, 181, 182, 93]"
10,,,1000,933,2170,"[97, 109, 106, 121, 125, 46, 65, 65, 70, 77, 52]","[46, 52, 65, 65, 70, 77, 97, 106, 109, 121, 125]","[166, 11, 215, 192, 191, 297, 183, 401, 181, 182, 93]"
0,,,500,500,1269,"[43, 43, 44, 45, 47, 45, 46, 46, 47, 50, 44]","[43, 43, 44, 44, 45, 45, 46, 46, 47, 47, 50]","[70, 470, 420, 287, 395, 293, 297, 423, 295, 294, 494]"
1,,,550,550,1481,"[51, 44, 45, 56, 59, 46, 47, 48, 50, 52, 52]","[44, 45, 46, 47, 48, 50, 51, 52, 52, 56, 59]","[468, 420, 287, 417, 29, 297, 295, 42, 294, 291, 93]"
2,,,600,600,1615,"[51, 45, 52, 56, 59, 46, 47, 50, 65, 77, 52]","[45, 46, 47, 50, 51, 52, 52, 56, 59, 65, 77]","[468, 287, 198, 417, 29, 297, 295, 294, 183, 182, 93]"
3,,,650,649,1740,"[76, 45, 47, 59, 85, 46, 47, 50, 65, 77, 52]","[45, 46, 47, 47, 50, 52, 59, 65, 76, 77, 85]","[313, 287, 395, 29, 239, 297, 295, 294, 183, 182, 93]"
4,,,700,699,1855,"[76, 45, 56, 59, 106, 46, 47, 65, 70, 77, 52]","[45, 46, 47, 52, 56, 59, 65, 70, 76, 77, 106]","[313, 287, 417, 29, 215, 297, 295, 183, 181, 182, 93]"
5,,,750,746,1960,"[76, 59, 60, 85, 106, 46, 50, 65, 70, 77, 52]","[46, 50, 52, 59, 60, 65, 70, 76, 77, 85, 106]","[313, 29, 463, 239, 215, 297, 294, 183, 181, 182, 93]"
6,,,800,797,2032,"[76, 73, 82, 85, 106, 46, 65, 65, 70, 77, 52]","[46, 52, 65, 65, 70, 73, 76, 77, 82, 85, 106]","[313, 113, 150, 239, 215, 297, 183, 401, 181, 182, 93]"
7,,,850,840,2100,"[76, 73, 85, 106, 125, 46, 65, 65, 70, 77, 52]","[46, 52, 65, 65, 70, 73, 76, 77, 85, 106, 125]","[313, 113, 239, 215, 191, 297, 183, 401, 181, 182, 93]"
8,,,900,888,2153,"[76, 85, 106, 121, 125, 46, 65, 65, 70, 77, 52]","[46, 52, 65, 65, 70, 76, 77, 85, 106, 121, 125]","[313, 239, 215, 192, 191, 297, 183, 401, 181, 182, 93]"
9,,,950,944,2169,"[97, 106, 120, 121, 125, 46, 65, 65, 70, 77, 52]","[46, 52, 65, 65, 70, 77, 97, 106, 120, 121, 125]","[166, 215, 214, 192, 191, 297, 183, 401, 181, 182, 93]"
10,,,1000,944,2169,"[97, 106, 120, 121, 125, 46, 65, 65, 70, 77, 52]","[46, 52, 65, 65, 70, 77, 97, 106, 120, 121, 125]","[166, 215, 214, 192, 191, 297, 183, 401, 181, 182, 93]"
0,,,500,500,1056,"[42, 42, 52, 42, 47, 47, 52, 43, 43, 44, 46]","[42, 42, 42, 43, 43, 44, 46, 47, 47, 52, 52]","[262, 50, 344, 23, 105, 557, 449, 16, 562, 201, 417]"
1,,,550,550,1399,"[52, 57, 66, 42, 47, 52, 54, 43, 43, 46, 48]","[42, 43, 43, 46, 47, 48, 52, 52, 54, 57, 66]","[344, 377, 202, 23, 105, 449, 481, 16, 562, 46, 213]"
2,,,600,600,1697,"[57, 63, 66, 52, 54, 55, 56, 43, 46, 55, 53]","[43, 46, 52, 53, 54, 55, 55, 56, 57, 63, 66]","[377, 514, 202, 449, 481, 271, 203, 16, 46, 200, 12]"
3,,,650,650,1812,"[57, 63, 66, 52, 54, 56, 96, 48, 50, 55, 53]","[48, 50, 52, 53, 54, 55, 56, 57, 63, 66, 96]","[377, 514, 202, 449, 481, 203, 390, 62, 42, 200, 12]"
4,,,700,697,1889,"[63, 66, 75, 54, 55, 56, 113, 50, 55, 57, 53]","[50, 53, 54, 55, 55, 56, 57, 63, 66, 75, 113]","[514, 202, 164, 481, 271, 203, 302, 42, 200, 435, 12]"
5,,,750,747,1973,"[63, 66, 119, 54, 55, 56, 96, 55, 57, 73, 53]","[53, 54, 55, 55, 56, 57, 63, 66, 73, 96, 119]","[514, 202, 388, 481, 271, 203, 390, 200, 435, 255, 12]"
6,,,800,799,2049,"[63, 66, 119, 55, 56, 96, 113, 50, 55, 73, 53]","[50, 53, 55, 55, 56, 63, 66, 73, 96, 113, 119]","[514, 202, 388, 271, 203, 390, 302, 42, 200, 255, 12]"
7,,,850,848,2092,"[63, 66, 119, 56, 96, 113, 129, 48, 50, 55, 53]","[48, 50, 53, 55, 56, 63, 66, 96, 113, 119, 129]","[514, 202, 388, 203, 390, 302, 254, 62, 42, 200, 12]"
8,,,900,900,2142,"[63, 66, 119, 55, 96, 113, 129, 55, 73, 78, 53]","[53, 55, 55, 63, 66, 73, 78, 96, 113, 119, 129]","[514, 202, 388, 271, 390, 302, 254, 200, 255, 259, 12]"
9,,,950,940,2164,"[66, 102, 119, 56, 96, 113, 129, 55, 73, 78, 53]","[53, 55, 56, 66, 73, 78, 96, 102, 113, 119, 129]","[202, 224, 388, 203, 390, 302, 254, 200, 255, 259, 12]"
10,,,1000,980,2178,"[66, 102, 119, 96, 96, 113, 129, 55, 73, 78, 53]","[53, 55, 66, 73, 78, 96, 96, 102, 113, 119, 129]","[202, 224, 388, 390, 306, 302, 254, 200, 255, 259, 12]"
0,,"[3, 5, 2]",500,500,1086,"[42, 48, 42, 44, 47, 47, 52, 43, 43, 44, 48]","[42, 42, 43, 43, 44, 44, 47, 47, 48, 48, 52]","[262, 93, 23, 76, 105, 557, 449, 16, 562, 201, 213]"
1,,"[3, 5, 2]",550,550,1438,"[57, 66, 42, 47, 47, 52, 54, 43, 43, 46, 53]","[42, 43, 43, 46, 47, 47, 52, 53, 54, 57, 66]","[377, 202, 23, 105, 557, 449, 481, 16, 562, 46, 12]"
2,,"[3, 5, 2]",600,599,1718,"[63, 66, 47, 52, 54, 55, 56, 48, 50, 55, 53]","[47, 48, 50, 52, 53, 54, 55, 55, 56, 63, 66]","[514, 202, 105, 449, 481, 271, 203, 62, 42, 200, 12]"
3,,"[3, 5, 2]",650,648,1832,"[63, 66, 52, 54, 55, 56, 96, 48, 50, 55, 53]","[48, 50, 52, 53, 54, 55, 55, 56, 63, 66, 96]","[514, 202, 449, 481, 271, 203, 390, 62, 42, 200, 12]"
4,,"[3, 5, 2]",700,697,1894,"[63, 66, 52, 54, 55, 56, 113, 55, 57, 73, 53]","[52, 53, 54, 55, 55, 56, 57, 63, 66, 73, 113]","[514, 202, 449, 481, 271, 203, 302, 200, 435, 255, 12]"
5,,"[3, 5, 2]",750,746,1978,"[63, 66, 55, 56, 59, 96, 113, 55, 57, 73, 53]","[53, 55, 55, 56, 57, 59, 63, 66, 73, 96, 113]","[514, 202, 271, 203, 370, 390, 302, 200, 435, 255, 12]"
6,,"[3, 5, 2]",800,797,2049,"[66, 119, 54, 55, 56, 96, 113, 55, 57, 73, 53]","[53, 54, 55, 55, 56, 57, 66, 73, 96, 113, 119]","[202, 388, 481, 271, 203, 390, 302, 200, 435, 255, 12]"
7,,"[3, 5, 2]",850,849,2104,"[66, 119, 55, 56, 96, 113, 129, 50, 55, 57, 53]","[50, 53, 55, 55, 56, 57, 66, 96, 113, 119, 129]","[202, 388, 271, 203, 390, 302, 254, 42, 200, 435, 12]"
8,,"[3, 5, 2]",900,893,2134,"[66, 119, 55, 56, 96, 113, 129, 55, 73, 78, 53]","[53, 55, 55, 56, 66, 73, 78, 96, 113, 119, 129]","[202, 388, 271, 203, 390, 302, 254, 200, 255, 259, 12]"
9,,"[3, 5, 2]",950,934,2151,"[66, 119, 56, 96, 96, 113, 129, 55, 73, 78, 53]","[53, 55, 56, 66, 73, 78, 96, 96, 113, 119, 129]","[202, 388, 203, 390, 306, 302, 254, 200, 255, 259, 12]"
10,,"[3, 5, 2]",1000,996,2167,"[66, 119, 96, 96, 113, 118, 129, 55, 73, 78, 53]","[53, 55, 66, 73, 78, 96, 96, 113, 118, 119, 129]","[202, 388, 390, 306, 302, 251, 254, 200, 255, 259, 12]"
0,,,500,500,1071,"[42, 42, 57, 42, 47, 52, 40, 43, 43, 44, 48]","[40, 42, 42, 42, 43, 43, 44, 47, 48, 52, 57]","[262, 50, 377, 23, 105, 449, 211, 16, 562, 201, 213]"
1,,,550,550,1421,"[52, 57, 66, 47, 47, 52, 43, 43, 44, 46, 53]","[43, 43, 44, 46, 47, 47, 52, 52, 53, 57, 66]","[344, 377, 202, 105, 557, 449, 16, 562, 201, 46, 12]"
2,,,600,600,1703,"[57, 63, 66, 52, 54, 56, 46, 48, 50, 55, 53]","[46, 48, 50, 52, 53, 54, 55, 56, 57, 63, 66]","[377, 514, 202, 449, 481, 203, 46, 62, 42, 200, 12]"
3,,,650,650,1799,"[57, 63, 66, 52, 55, 96, 48, 48, 55, 57, 53]","[48, 48, 52, 53, 55, 55, 57, 57, 63, 66, 96]","[377, 514, 202, 449, 271, 390, 62, 558, 200, 435, 12]"
4,,,700,699,1881,"[63, 66, 75, 55, 56, 96, 50, 55, 57, 73, 53]","[50, 53, 55, 55, 56, 57, 63, 66, 73, 75, 96]","[514, 202, 164, 271, 203, 390, 42, 200, 435, 255, 12]"
5,,,750,750,1960,"[63, 66, 119, 54, 56, 96, 55, 57, 58, 73, 53]","[53, 54, 55, 56, 57, 58, 63, 66, 73, 96, 119]","[514, 202, 388, 481, 203, 390, 200, 435, 313, 255, 12]"
6,,,800,800,2042,"[63, 66, 119, 55, 96, 113, 50, 55, 57, 73, 53]","[50, 53, 55, 55, 57, 63, 66, 73, 96, 113, 119]","[514, 202, 388, 271, 390, 302, 42, 200, 435, 255, 12]"
7,,,850,849,2085,"[63, 66, 119, 96, 113, 129, 48, 50, 55, 57, 53]","[48, 50, 53, 55, 57, 63, 66, 96, 113, 119, 129]","[514, 202, 388, 390, 302, 254, 62, 42, 200, 435, 12]"
8,,,900,895,2123,"[63, 66, 119, 96, 113, 129, 50, 55, 73, 78, 53]","[50, 53, 55, 63, 66, 73, 78, 96, 113, 119, 129]","[514, 202, 388, 390, 302, 254, 42, 200, 255, 259, 12]"
9,,,950,941,2157,"[66, 102, 119, 96, 113, 129, 55, 57, 73, 78, 53]","[53, 55, 57, 66, 73, 78, 96, 102, 113, 119, 129]","[202, 224, 388, 390, 302, 254, 200, 435, 255, 259, 12]"
10,,,1000,941,2157,"[66, 102, 119, 96, 113, 129, 55, 57, 73, 78, 53]","[53, 55, 57, 66, 73, 78, 96, 102, 113, 119, 129]","[202, 224, 388, 390, 302, 254, 200, 435, 255, 259, 12]"
0,,,500,500,1118,"[42, 52, 42, 47, 47, 52, 40, 43, 43, 44, 48]","[40, 42, 42, 43, 43, 44, 47, 47, 48, 52, 52]","[262, 344, 23, 105, 557, 449, 211, 16, 562, 201, 213]"
1,,,550,550,1458,"[57, 66, 47, 47, 52, 54, 43, 43, 44, 44, 53]","[43, 43, 44, 44, 47, 47, 52, 53, 54, 57, 66]","[377, 202, 105, 557, 449, 481, 16, 562, 201, 92, 12]"
2,,,600,600,1732,"[63, 66, 52, 54, 55, 56, 48, 48, 50, 55, 53]","[48, 48, 50, 52, 53, 54, 55, 55, 56, 63, 66]","[514, 202, 449, 481, 271, 203, 62, 558, 42, 200, 12]"
3,,,650,650,1828,"[63, 66, 52, 54, 56, 96, 48, 50, 55, 57, 53]","[48, 50, 52, 53, 54, 55, 56, 57, 63, 66, 96]","[514, 202, 449, 481, 203, 390, 62, 42, 200, 435, 12]"
4,,,700,700,1894,"[63, 66, 52, 56, 96, 113, 48, 48, 50, 55, 53]","[48, 48, 50, 52, 53, 55, 56, 63, 66, 96, 113]","[514, 202, 449, 203, 390, 302, 62, 558, 42, 200, 12]"
5,,,750,745,1966,"[63, 66, 55, 56, 96, 113, 55, 57, 58, 73, 53]","[53, 55, 55, 56, 57, 58, 63, 66, 73, 96, 113]","[514, 202, 271, 203, 390, 302, 200, 435, 313, 255, 12]"
6,,,800,800,2036,"[66, 119, 54, 56, 96, 113, 55, 57, 58, 73, 53]","[53, 54, 55, 56, 57, 58, 66, 73, 96, 113, 119]","[202, 388, 481, 203, 390, 302, 200, 435, 313, 255, 12]"
7,,,850,850,2084,"[66, 119, 54, 96, 113, 129, 50, 55, 57, 58, 53]","[50, 53, 54, 55, 57, 58, 66, 96, 113, 119, 129]","[202, 388, 481, 390, 302, 254, 42, 200, 435, 313, 12]"
8,,,900,895,2130,"[66, 119, 56, 96, 113, 129, 55, 57, 73, 78, 53]","[53, 55, 56, 57, 66, 73, 78, 96, 113, 119, 129]","[202, 388, 203, 390, 302, 254, 200, 435, 255, 259, 12]"
9,,,950,935,2144,"[66, 119, 96, 96, 113, 129, 55, 57, 73, 78, 53]","[53, 55, 57, 66, 73, 78, 96, 96, 113, 119, 129]","[202, 388, 390, 306, 302, 254, 200, 435, 255, 259, 12]"
10,,,1000,957,2146,"[66, 119, 96, 113, 118, 129, 55, 57, 73, 78, 53]","[53, 55, 57, 66, 73, 78, 96, 113, 118, 119, 129]","[202, 388, 390, 302, 251, 254, 200, 435, 255, 259, 12]"
0,,,500,500,1158,"[42, 42, 47, 47, 52, 54, 38, 43, 43, 44, 48]","[38, 42, 42, 43, 43, 44, 47, 47, 48, 52, 54]","[262, 23, 105, 557, 449, 481, 146, 16, 562, 201, 213]"
1,,,550,550,1494,"[66, 47, 47, 52, 54, 55, 43, 43, 44, 46, 53]","[43, 43, 44, 46, 47, 47, 52, 53, 54, 55, 66]","[202, 105, 557, 449, 481, 271, 16, 562, 201, 46, 12]"
2,,,600,596,1720,"[66, 52, 54, 55, 56, 59, 48, 48, 50, 55, 53]","[48, 48, 50, 52, 53, 54, 55, 55, 56, 59, 66]","[202, 449, 481, 271, 203, 370, 62, 558, 42, 200, 12]"
3,,,650,649,1826,"[66, 54, 55, 56, 59, 96, 48, 50, 55, 57, 53]","[48, 50, 53, 54, 55, 55, 56, 57, 59, 66, 96]","[202, 481, 271, 203, 370, 390, 62, 42, 200, 435, 12]"
4,,,700,700,1904,"[66, 52, 54, 56, 96, 113, 48, 50, 55, 57, 53]","[48, 50, 52, 53, 54, 55, 56, 57, 66, 96, 113]","[202, 449, 481, 203, 390, 302, 62, 42, 200, 435, 12]"
5,,,750,741,1954,"[66, 55, 56, 59, 96, 113, 55, 57, 58, 73, 53]","[53, 55, 55, 56, 57, 58, 59, 66, 73, 96, 113]","[202, 271, 203, 370, 390, 302, 200, 435, 313, 255, 12]"
6,,,800,800,2013,"[66, 52, 56, 96, 113, 129, 50, 55, 57, 73, 53]","[50, 52, 53, 55, 56, 57, 66, 73, 96, 113, 129]","[202, 449, 203, 390, 302, 254, 42, 200, 435, 255, 12]"
7,,,850,850,2058,"[119, 55, 56, 96, 113, 129, 55, 57, 58, 59, 53]","[53, 55, 55, 56, 57, 58, 59, 96, 113, 119, 129]","[388, 271, 203, 390, 302, 254, 200, 435, 313, 556, 12]"
8,,,900,884,2093,"[119, 55, 56, 96, 113, 129, 55, 57, 73, 78, 53]","[53, 55, 55, 56, 57, 73, 78, 96, 113, 119, 129]","[388, 271, 203, 390, 302, 254, 200, 435, 255, 259, 12]"
9,,,950,947,2112,"[119, 56, 96, 113, 118, 129, 55, 57, 73, 78, 53]","[53, 55, 56, 57, 73, 78, 96, 113, 118, 119, 129]","[388, 203, 390, 302, 251, 254, 200, 435, 255, 259, 12]"
10,,,1000,987,2126,"[119, 96, 96, 113, 118, 129, 55, 57, 73, 78, 53]","[53, 55, 57, 73, 78, 96, 96, 113, 118, 119, 129]","[388, 390, 306, 302, 251, 254, 200, 435, 255, 259, 12]"
0,,,500,500,1141,"[42, 52, 42, 47, 52, 43, 43, 43, 44, 46, 46]","[42, 42, 43, 43, 43, 44, 46, 46, 47, 52, 52]","[262, 344, 23, 105, 449, 16, 562, 67, 201, 46, 417]"
1,,,550,550,1474,"[57, 66, 47, 52, 54, 43, 43, 43, 44, 48, 53]","[43, 43, 43, 44, 47, 48, 52, 53, 54, 57, 66]","[377, 202, 105, 449, 481, 16, 562, 67, 201, 62, 12]"
2,,,600,600,1719,"[63, 66, 52, 54, 56, 46, 48, 50, 55, 57, 53]","[46, 48, 50, 52, 53, 54, 55, 56, 57, 63, 66]","[514, 202, 449, 481, 203, 46, 62, 42, 200, 435, 12]"
3,,,650,647,1813,"[63, 66, 55, 56, 96, 48, 48, 50, 55, 57, 53]","[48, 48, 50, 53, 55, 55, 56, 57, 63, 66, 96]","[514, 202, 271, 203, 390, 62, 558, 42, 200, 435, 12]"
4,,,700,700,1879,"[63, 66, 55, 96, 113, 44, 48, 50, 55, 57, 53]","[44, 48, 50, 53, 55, 55, 57, 63, 66, 96, 113]","[514, 202, 271, 390, 302, 201, 62, 42, 200, 435, 12]"
5,,,750,749,1951,"[63, 66, 56, 96, 113, 55, 57, 58, 59, 73, 53]","[53, 55, 56, 57, 58, 59, 63, 66, 73, 96, 113]","[514, 202, 203, 390, 302, 200, 435, 313, 556, 255, 12]"
6,,,800,796,2021,"[66, 119, 56, 96, 113, 50, 55, 57, 58, 73, 53]","[50, 53, 55, 56, 57, 58, 66, 73, 96, 113, 119]","[202, 388, 203, 390, 302, 42, 200, 435, 313, 255, 12]"
7,,,850,844,2061,"[66, 119, 96, 113, 129, 48, 50, 55, 57, 58, 53]","[48, 50, 53, 55, 57, 58, 66, 96, 113, 119, 129]","[202, 388, 390, 302, 254, 62, 42, 200, 435, 313, 12]"
8,,,900,897,2114,"[66, 119, 96, 113, 129, 55, 57, 58, 73, 78, 53]","[53, 55, 57, 58, 66, 73, 78, 96, 113, 119, 129]","[202, 388, 390, 302, 254, 200, 435, 313, 255, 259, 12]"
9,,,950,897,2114,"[66, 119, 96, 113, 129, 55, 57, 58, 73, 78, 53]","[53, 55, 57, 58, 66, 73, 78, 96, 113, 119, 129]","[202, 388, 390, 302, 254, 200, 435, 313, 255, 259, 12]"
10,,,1000,897,2114,"[66, 119, 96, 113, 129, 55, 57, 58, 73, 78, 53]","[53, 55, 57, 58, 66, 73, 78, 96, 113, 119, 129]","[202, 388, 390, 302, 254, 200, 435, 313, 255, 259, 12]"
0,,,500,500,1182,"[42, 42, 47, 47, 52, 43, 43, 44, 46, 48, 46]","[42, 42, 43, 43, 44, 46, 46, 47, 47, 48, 52]","[262, 23, 105, 557, 449, 16, 562, 201, 46, 62, 417]"
1,,,550,550,1508,"[66, 47, 47, 52, 54, 43, 43, 44, 46, 55, 53]","[43, 43, 44, 46, 47, 47, 52, 53, 54, 55, 66]","[202, 105, 557, 449, 481, 16, 562, 201, 46, 200, 12]"
2,,,600,599,1720,"[66, 52, 55, 56, 59, 48, 48, 50, 55, 57, 53]","[48, 48, 50, 52, 53, 55, 55, 56, 57, 59, 66]","[202, 449, 271, 203, 370, 62, 558, 42, 200, 435, 12]"
3,,,650,648,1814,"[66, 54, 55, 56, 96, 48, 50, 55, 57, 58, 53]","[48, 50, 53, 54, 55, 55, 56, 57, 58, 66, 96]","[202, 481, 271, 203, 390, 62, 42, 200, 435, 313, 12]"
4,,,700,697,1889,"[66, 55, 56, 96, 113, 48, 48, 50, 55, 57, 53]","[48, 48, 50, 53, 55, 55, 56, 57, 66, 96, 113]","[202, 271, 203, 390, 302, 62, 558, 42, 200, 435, 12]"
5,,,750,750,1945,"[66, 54, 55, 96, 113, 50, 55, 57, 73, 78, 53]","[50, 53, 54, 55, 55, 57, 66, 73, 78, 96, 113]","[202, 481, 271, 390, 302, 42, 200, 435, 255, 259, 12]"
6,,,800,796,1996,"[66, 56, 96, 113, 129, 48, 50, 55, 57, 73, 53]","[48, 50, 53, 55, 56, 57, 66, 73, 96, 113, 129]","[202, 203, 390, 302, 254, 62, 42, 200, 435, 255, 12]"
7,,,850,849,2044,"[119, 56, 96, 113, 129, 48, 50, 55, 57, 73, 53]","[48, 50, 53, 55, 56, 57, 73, 96, 113, 119, 129]","[388, 203, 390, 302, 254, 62, 42, 200, 435, 255, 12]"
8,,,900,887,2080,"[119, 56, 96, 113, 129, 55, 57, 58, 73, 78, 53]","[53, 55, 56, 57, 58, 73, 78, 96, 113, 119, 129]","[388, 203, 390, 302, 254, 200, 435, 313, 255, 259, 12]"
9,,,950,949,2096,"[119, 96, 113, 118, 129, 55, 57, 58, 73, 78, 53]","[53, 55, 57, 58, 73, 78, 96, 113, 118, 119, 129]","[388, 390, 302, 251, 254, 200, 435, 313, 255, 259, 12]"
10,,,1000,949,2096,"[119, 96, 113, 118, 129, 55, 57, 58, 73, 78, 53]","[53, 55, 57, 58, 73, 78, 96, 113, 118, 119, 129]","[388, 390, 302, 251, 254, 200, 435, 313, 255, 259, 12]"
